Icon10k	e951
Icon10mp	e952
Icon11mp	e953
Icon123	eb8d
Icon12mp	e954
Icon13mp	e955
Icon14mp	e956
Icon15mp	e957
Icon16mp	e958
Icon17mp	e959
Icon18UpRating	f8fd
Icon18mp	e95a
Icon19mp	e95b
Icon1k	e95c
Icon1kPlus	e95d
Icon1xMobiledata	efcd
Icon1xMobiledataBadge	f7f1
Icon20mp	e95e
Icon21mp	e95f
Icon22mp	e960
Icon23mp	e961
Icon24fpsSelect	f3f2
Icon24mp	e962
Icon2d	ef37
Icon2d2	fff0e
Icon2k	e963
Icon2kPlus	e964
Icon2mp	e965
Icon30fps	efce
Icon30fpsSelect	efcf
Icon360	e577
Icon3d	ed38
Icon3d2	fff0f
Icon3dRotation	e84d
Icon3gMobiledata	efd0
Icon3gMobiledataBadge	f7f0
Icon3k	e966
Icon3kPlus	e967
Icon3mp	e968
Icon3p	efd1
Icon4gMobiledata	efd2
Icon4gMobiledataBadge	f7ef
Icon4gPlusMobiledata	efd3
Icon4k	e072
Icon4kPlus	e969
Icon4mp	e96a
Icon50mp	f6f3
Icon5g	ef38
Icon5gMobiledataBadge	f7ee
Icon5k	e96b
Icon5kPlus	e96c
Icon5mp	e96d
Icon60fps	efd4
Icon60fpsSelect	efd5
Icon6FtApart	f21e
Icon6k	e96e
Icon6kPlus	e96f
Icon6mp	e970
Icon7k	e971
Icon7kPlus	e972
Icon7mp	e973
Icon8k	e974
Icon8kPlus	e975
Icon8mp	e976
Icon9k	e977
Icon9kPlus	e978
Icon9mp	e979
Abc	eb94
AcUnit	eb3b
AccessAlarm	e855
AccessAlarms	e855
AccessTime	efd6
AccessTimeFilled	efd6
Accessibility	e84e
AccessibilityNew	e92c
Accessible	e914
AccessibleForward	e934
AccessibleMenu	f34e
AccountBalance	e84f
AccountBalanceWallet	e850
AccountBox	e851
AccountChild	e852
AccountChildInvert	e659
AccountCircle	f20b
AccountCircleFilled	f20b
AccountCircleOff	f7b3
AccountTree	e97a
ActionKey	f502
ActivityZone	e1e6
Acupuncture	f2c4
Acute	e4cb
Ad	e65a
AdGroup	e65b
AdGroupOff	eae5
AdOff	f7b2
AdUnits	f2eb
AdaptiveAudioMic	f4cc
AdaptiveAudioMicOff	f4cb
Adb	e60e
Add	e145
Add2	f3dd
AddAPhoto	e439
AddAd	e72a
AddAlarm	e856
AddAlert	e003
AddBox	e146
AddBusiness	e729
AddCall	f0b7
AddCard	eb86
AddChart	ef3c
AddCircle	e990
AddCircleOutline	e990
AddColumnLeft	f425
AddColumnRight	f424
AddComment	e266
AddDiamond	f49c
AddHome	f8eb
AddHomeWork	f8ed
AddIcCall	f0b7
AddLink	e178
AddLocation	e567
AddLocationAlt	ef3a
AddModerator	e97d
AddNotes	e091
AddPhotoAlternate	e43e
AddReaction	e1d3
AddRoad	ef3b
AddRowAbove	f423
AddRowBelow	f422
AddShoppingCart	e854
AddTask	f23a
AddToDrive	e65c
AddToHomeScreen	f2b9
AddToPhotos	e39d
AddToQueue	e05c
AddTriangle	f48e
AdfScanner	eada
Adjust	e39e
AdminMeds	e48d
AdminPanelSettings	ef3d
AdsClick	e762
Agender	f888
Agriculture	ea79
Air	efd8
AirFreshener	e2ca
AirPurifier	e97e
AirPurifierGen	e829
AirlineSeatFlat	e630
AirlineSeatFlatAngled	e631
AirlineSeatIndividualSuite	e632
AirlineSeatLegroomExtra	e633
AirlineSeatLegroomNormal	e634
AirlineSeatLegroomReduced	e635
AirlineSeatReclineExtra	e636
AirlineSeatReclineNormal	e637
AirlineStops	e7d0
Airlines	e7ca
AirplaneTicket	efd9
AirplanemodeActive	e53d
AirplanemodeInactive	e194
Airplay	e055
AirportShuttle	eb3c
Airware	f154
Airwave	f154
Alarm	e855
AlarmAdd	e856
AlarmOff	e857
AlarmOn	e858
AlarmPause	f35b
AlarmSmartWake	f6b0
Album	e019
AlignCenter	e356
AlignEnd	f797
AlignFlexCenter	f796
AlignFlexEnd	f795
AlignFlexStart	f794
AlignHorizontalCenter	e00f
AlignHorizontalLeft	e00d
AlignHorizontalRight	e010
AlignItemsStretch	f793
AlignJustifyCenter	f792
AlignJustifyFlexEnd	f791
AlignJustifyFlexStart	f790
AlignJustifySpaceAround	f78f
AlignJustifySpaceBetween	f78e
AlignJustifySpaceEven	f78d
AlignJustifyStretch	f78c
AlignSelfStretch	f78b
AlignSpaceAround	f78a
AlignSpaceBetween	f789
AlignSpaceEven	f788
AlignStart	f787
AlignStretch	f786
AlignVerticalBottom	e015
AlignVerticalCenter	e011
AlignVerticalTop	e00c
AllInbox	e97f
AllInclusive	eb3d
AllMatch	e093
AllOut	e90b
Allergies	e094
Allergy	e64e
AltRoute	f184
AlternateEmail	e0e6
Altitude	f873
AmbientScreen	f6c4
Ambulance	f803
Amend	f802
AmpStories	ea13
Analytics	ef3e
Anchor	f1cd
Android	e859
AndroidCell4Bar	ef06
AndroidCell4BarAlert	ef09
AndroidCell4BarOff	ef08
AndroidCell4BarPlus	ef07
AndroidCell5Bar	ef02
AndroidCell5BarAlert	ef05
AndroidCell5BarOff	ef04
AndroidCell5BarPlus	ef03
AndroidCellDual4Bar	ef0d
AndroidCellDual4BarAlert	ef0f
AndroidCellDual4BarPlus	ef0e
AndroidCellDual5Bar	ef0a
AndroidCellDual5BarAlert	ef0c
AndroidCellDual5BarPlus	ef0b
AndroidWifi3Bar	ef16
AndroidWifi3BarAlert	ef1b
AndroidWifi3BarLock	ef1a
AndroidWifi3BarOff	ef19
AndroidWifi3BarPlus	ef18
AndroidWifi3BarQuestion	ef17
AndroidWifi4Bar	ef10
AndroidWifi4BarAlert	ef15
AndroidWifi4BarLock	ef14
AndroidWifi4BarOff	ef13
AndroidWifi4BarPlus	ef12
AndroidWifi4BarQuestion	ef11
AnimatedImages	f49a
Animation	e71c
Announcement	e87f
Antigravity	fffd2
Aod	f2e6
AodTablet	f89f
AodWatch	f6ac
Apartment	ea40
Api	f1b7
ApkDocument	f88e
ApkInstall	f88f
AppBadging	f72f
AppBlocking	f2e5
AppPromo	f2cd
AppRegistration	ef40
AppSettingsAlt	f2d9
AppShortcut	f2df
Apparel	ef7b
Approval	e982
ApprovalDelegation	f84a
ApprovalDelegationOff	f2c5
Apps	e5c3
AppsOutage	e7cc
Aq	f55a
AqIndoor	f55b
ArOnYou	ef7c
ArStickers	e983
Architecture	ea3b
Archive	e149
AreaChart	e770
ArmingCountdown	e78a
ArrowAndEdge	f5d7
ArrowBack	e5c4
ArrowBack2	f43a
ArrowBackIos	e5e0
ArrowBackIosNew	e2ea
ArrowCircleDown	f181
ArrowCircleLeft	eaa7
ArrowCircleRight	eaaa
ArrowCircleUp	f182
ArrowCoolDown	f4b6
ArrowDownward	e5db
ArrowDownwardAlt	e984
ArrowDropDown	e5c5
ArrowDropDownCircle	e5c6
ArrowDropUp	e5c7
ArrowForward	e5c8
ArrowForwardIos	e5e1
ArrowInsert	f837
ArrowLeft	e5de
ArrowLeftAlt	ef7d
ArrowMenuClose	f3d3
ArrowMenuOpen	f3d2
ArrowOrEdge	f5d6
ArrowOutward	f8ce
ArrowRange	f69b
ArrowRight	e5df
ArrowRightAlt	e941
ArrowSelectorTool	f82f
ArrowShapeUp	eef6
ArrowShapeUpStack	eef7
ArrowShapeUpStack2	eef8
ArrowSplit	ea04
ArrowTopLeft	f72e
ArrowTopRight	f72d
ArrowUploadProgress	f3f4
ArrowUploadReady	f3f5
ArrowUpward	e5d8
ArrowUpwardAlt	e986
ArrowWarmUp	f4b5
ArrowsInput	f394
ArrowsLeftRightCircle	eee4
ArrowsMoreDown	f8ab
ArrowsMoreUp	f8ac
ArrowsOutput	f393
ArrowsOutward	f72c
ArrowsUpDownCircle	eee3
ArtTrack	e060
Article	ef42
ArticlePerson	f368
ArticleShortcut	f587
Artist	e01a
AspectRatio	e85b
Assessment	f0cc
Assignment	e85d
AssignmentAdd	f848
AssignmentGlobe	eeec
AssignmentInd	e85e
AssignmentLate	e85f
AssignmentReturn	e860
AssignmentReturned	e861
AssignmentTurnedIn	e862
AssistWalker	f8d5
Assistant	e39f
AssistantDevice	e987
AssistantDirection	e988
AssistantNavigation	e989
AssistantOnHub	f6c1
AssistantPhoto	f0c6
AssuredWorkload	eb6f
Asterisk	f525
AstrophotographyAuto	f1d9
AstrophotographyOff	f1da
Atm	e573
Atr	ebc7
AttachEmail	ea5e
AttachFile	e226
AttachFileAdd	f841
AttachFileOff	f4d9
AttachMoney	e227
Attachment	e2bc
Attractions	ea52
Attribution	efdb
AudioCapture	fff03
AudioDescription	f58c
AudioFile	eb82
AudioVideoReceiver	f5d3
Audiotrack	e405
AutoActivityZone	f8ad
AutoAwesome	e65f
AutoAwesomeMosaic	e660
AutoAwesomeMotion	e661
AutoDelete	ea4c
AutoDetectVoice	f83e
AutoDrawSolid	e98a
AutoFix	e663
AutoFixHigh	e663
AutoFixNormal	e664
AutoFixOff	e665
AutoGraph	e4fb
AutoLabel	f6be
AutoMeetingRoom	f6bf
AutoMode	ec20
AutoReadPause	f219
AutoReadPlay	f216
AutoSchedule	e214
AutoStories	e666
AutoStoriesOff	f267
AutoTimer	ef7f
AutoTowing	e71e
AutoTransmission	f53f
AutoVideocam	f6c0
AutofpsSelect	efdc
Automation	f421
Autopause	f6b6
Autopay	f84b
Autoplay	f6b5
Autorenew	e863
Autostop	f682
Av1	f4b0
AvTimer	e01b
Avc	f4af
AvgPace	f6bb
AvgTime	f813
AvocadoBean	fffa7
AwardMeal	f241
AwardStar	f612
Azm	f6ec
BCircle	eee2
BabyChangingStation	f19b
BackHand	e764
BackToTab	f72b
BackgroundDotLarge	f79e
BackgroundDotSmall	f514
BackgroundGridSmall	f79d
BackgroundReplace	f20a
BacklightHigh	f7ed
BacklightHighOff	f4ef
BacklightLow	f7ec
Backpack	f19c
Backspace	e14a
Backup	e864
BackupTable	ef43
Badge	ea67
BadgeCriticalBattery	f156
Badminton	f2a8
BakeryDining	ea53
Balance	eaf6
Balcony	e58f
Ballot	e172
BarChart	e26b
BarChart4Bars	f681
BarChartOff	f411
Barcode	e70b
BarcodeReader	f85c
BarcodeScanner	e70c
Barefoot	f871
BatchPrediction	f0f5
BathBedrock	f286
BathOutdoor	f6fb
BathPrivate	f6fa
BathPublicLarge	f6f9
BathSoak	f2a0
Bathroom	efdd
Bathtub	ea41
Battery0Bar	ebdc
Battery1Bar	f09c
Battery20	f09c
Battery2Bar	f09d
Battery30	f09d
Battery3Bar	f09e
Battery4Bar	f09f
Battery50	f09e
Battery5Bar	f0a0
Battery60	f09f
Battery6Bar	f0a1
Battery80	f0a0
Battery90	f0a1
BatteryAlert	e19c
BatteryAndroid0	f30d
BatteryAndroid1	f30c
BatteryAndroid2	f30b
BatteryAndroid3	f30a
BatteryAndroid4	f309
BatteryAndroid5	f308
BatteryAndroid6	f307
BatteryAndroidAlert	f306
BatteryAndroidBolt	f305
BatteryAndroidFrame1	f257
BatteryAndroidFrame2	f256
BatteryAndroidFrame3	f255
BatteryAndroidFrame4	f254
BatteryAndroidFrame5	f253
BatteryAndroidFrame6	f252
BatteryAndroidFrameAlert	f251
BatteryAndroidFrameBolt	f250
BatteryAndroidFrameFull	f24f
BatteryAndroidFramePlus	f24e
BatteryAndroidFrameQuestion	f24d
BatteryAndroidFrameShare	f24c
BatteryAndroidFrameShield	f24b
BatteryAndroidFull	f304
BatteryAndroidPlus	f303
BatteryAndroidQuestion	f302
BatteryAndroidShare	f301
BatteryAndroidShield	f300
BatteryChange	f7eb
BatteryCharging20	f0a2
BatteryCharging202	fff3e
BatteryCharging30	f0a3
BatteryCharging302	fff3d
BatteryCharging50	f0a4
BatteryCharging502	fff3c
BatteryCharging60	f0a5
BatteryCharging602	fff3b
BatteryCharging80	f0a6
BatteryCharging802	fff3a
BatteryCharging90	f0a7
BatteryChargingFull	e1a3
BatteryChargingFull2	fff39
BatteryError	f7ea
BatteryFull	e1a5
BatteryFullAlt	f13b
BatteryHoriz000	f8ae
BatteryHoriz050	f8af
BatteryHoriz075	f8b0
BatteryLow	f155
BatteryPlus	f7e9
BatteryProfile	e206
BatterySaver	efde
BatteryShare	f67e
BatteryStatusGood	f67d
BatteryStd	e1a5
BatteryUnknown	e1a6
BatteryVert005	f8b1
BatteryVert020	f8b2
BatteryVert050	f8b3
BatteryVeryLow	f156
BeachAccess	eb3e
Bed	efdf
BedroomBaby	efe0
BedroomChild	efe1
BedroomParent	efe2
Bedtime	f159
BedtimeOff	eb76
Beenhere	e52d
BeerMeal	f285
Bento	f1f4
Bia	f6eb
BidLandscape	e667
BidLandscapeDisabled	ef81
BigtopUpdates	e669
BikeDock	f47b
BikeLane	f47a
BikeScooter	ef45
Biotech	ea3a
Blanket	e828
Blender	efe3
Blind	f8d6
Blinds	e286
Blinds2	fff78
Blinds2Closed	fff79
BlindsClosed	ec1f
Block	f08c
BloodPressure	e097
Bloodtype	efe4
Bluetooth	e1a7
BluetoothAudio	e60f
BluetoothConnected	e1a8
BluetoothDisabled	e1a9
BluetoothDrive	efe5
BluetoothSearching	e60f
BlurCircular	e3a2
BlurLinear	e3a3
BlurMedium	e84c
BlurOff	e3a4
BlurOn	e3a5
BlurShort	e8cf
BoatBus	f36d
BoatRailway	f36c
BodyFat	e098
BodySystem	e099
Bolt	ea0b
BoltBoost	fff6a
Bomb	f568
Book	e86e
Book2	f53e
Book3	f53d
Book4	f53c
Book5	f53b
Book6	f3df
BookOnline	f2e4
BookRibbon	f3e7
Bookmark	e8e7
BookmarkAdd	e598
BookmarkAdded	e599
BookmarkBag	f410
BookmarkBorder	e8e7
BookmarkCheck	f457
BookmarkFlag	f456
BookmarkHeart	f455
BookmarkManager	f7b1
BookmarkRemove	e59a
BookmarkStacks	eee8
BookmarkStar	f454
Bookmarks	e98b
BooksMoviesAndMusic	ef82
BorderAll	e228
BorderBottom	e229
BorderClear	e22a
BorderColor	e22b
BorderHorizontal	e22c
BorderInner	e22d
BorderLeft	e22e
BorderOuter	e22f
BorderRight	e230
BorderStyle	e231
BorderTop	e232
BorderVertical	e233
Borg	f40d
BottomAppBar	e730
BottomDrawer	e72d
BottomNavigation	e98c
BottomPanelClose	f72a
BottomPanelOpen	f729
BottomRightClick	f684
BottomSheets	e98d
Box	f5a4
BoxAdd	f5a5
BoxEdit	f5a6
Boy	eb67
BrandAwareness	e98e
BrandFamily	f4f1
BrandingWatermark	e06b
BreakfastDining	ea54
BreakingNews	ea08
BreakingNewsAlt1	f0ba
Breastfeeding	f856
Brick	f388
BriefcaseMeal	f246
Brightness1	e3fa
Brightness2	f036
Brightness3	e3a8
Brightness4	e3a9
Brightness5	e3aa
Brightness6	e3ab
Brightness7	e3ac
BrightnessAlert	f5cf
BrightnessAuto	e1ab
BrightnessEmpty	f7e8
BrightnessHigh	e1ac
BrightnessLow	e1ad
BrightnessMedium	e1ae
BringYourOwnIp	e016
BroadcastOnHome	f8f8
BroadcastOnPersonal	f8f9
BrokenImage	e3ad
Browse	eb13
BrowseActivity	f8a5
BrowseGallery	ebd1
BrowserNotSupported	ef47
BrowserUpdated	e7cf
BrunchDining	ea73
Brush	e3ae
Bubble	ef83
BubbleChart	e6dd
Bubbles	f64e
BucketCheck	ef2a
BugReport	e868
Build	f8cd
BuildCircle	ef48
BulletChart	ffec7
Bungalow	e591
BurstMode	e43c
BusAlert	e98f
BusMapPin	fffa2
BusRailway	f36b
Business	e7ee
BusinessCenter	eb3f
BusinessChip	f84c
BusinessMessages	ef84
ButtonsAlt	e72f
Cabin	e589
Cable	efe6
CableCar	f479
Cached	e86a
Cadence	f4b4
Cake	e7e9
CakeAdd	f85b
Calculate	ea5f
CalendarAddOn	ef85
CalendarAppsScript	f0bb
CalendarCheck	f243
CalendarClock	f540
CalendarLock	f242
CalendarMeal	f296
CalendarMeal2	f240
CalendarMonth	ebcc
CalendarToday	e935
CalendarViewDay	e936
CalendarViewMonth	efe7
CalendarViewWeek	efe8
Call	f0d4
CallEnd	f0bc
CallEndAlt	f0bc
CallLog	e08e
CallMade	e0b2
CallMerge	e0b3
CallMissed	e0b4
CallMissedOutgoing	e0e4
CallQuality	f652
CallReceived	e0b5
CallSplit	e0b6
CallToAction	e06c
Camera	e3af
CameraAlt	e412
CameraEnhance	e8fc
CameraFront	f2c9
CameraIndoor	efe9
CameraOutdoor	efea
CameraRear	f2c8
CameraRoll	e3b3
CameraVideo	f7a6
Cameraswitch	efeb
Campaign	ef49
Camping	f8a2
Cancel	e888
CancelPresentation	e0e9
CancelScheduleSend	ea39
Candle	f588
CandlestickChart	ead4
Cannabis	f2f3
CaptivePortal	f728
Capture	f727
CarCrash	ebf2
CarDefrostLeft	f344
CarDefrostLowLeft	f343
CarDefrostLowRight	f342
CarDefrostMidLeft	f278
CarDefrostMidLowLeft	f341
CarDefrostMidLowRight	f277
CarDefrostMidRight	f340
CarDefrostRight	f33f
CarFanLowLeft	f33e
CarFanLowMidLeft	f33d
CarFanLowRight	f33c
CarFanMidLeft	f33b
CarFanMidLowRight	f33a
CarFanMidRight	f339
CarFanRecirculate	f338
CarFanRecirculate2	fff40
CarGear	f337
CarLock	f336
CarMirrorHeat	f335
CarRental	ea55
CarRepair	ea56
CarSeatOff	ffebe
CarTag	f4e3
CardGiftcard	e8f6
CardMembership	e8f7
CardTravel	e8f8
CardioLoad	f4b9
Cardiology	e09c
Cards	e991
CardsStack	f38f
CardsStar	f375
Carpenter	f1f8
CarryOnBag	eb08
CarryOnBagChecked	eb0b
CarryOnBagInactive	eb0a
CarryOnBagQuestion	eb09
Cases	e992
Casino	eb40
Cast	e307
CastConnected	e308
CastForEducation	efec
CastPause	f5f0
CastWarning	f5ef
Castle	eab1
Category	e72c
CategorySearch	f437
Celebration	ea65
CellMerge	f82e
CellTower	ebba
CellWifi	e0ec
CenterFocusStrong	e3b4
CenterFocusWeak	e3b5
Chair	efed
ChairAlt	efee
ChairCounter	f29f
ChairFireplace	f29e
ChairUmbrella	f29d
Chalet	e585
ChangeCircle	e2e7
ChangeHistory	e86b
Charger	e2ae
ChargingStation	f2e3
ChartData	e473
Chat	e0c9
ChatAddOn	f0f3
ChatAppsScript	f0bd
ChatBubble	e0cb
ChatBubbleOff	fffbb
ChatBubbleOutline	e0cb
ChatDashed	eeed
ChatError	f7ac
ChatInfo	f52b
ChatPasteGo	f6bd
ChatPasteGo2	f3cb
Check	e668
CheckAlert	fff85
CheckBox	e9de
CheckBoxOutlineBlank	e835
CheckCircle	f0be
CheckCircleFilled	f0be
CheckCircleOutline	f0be
CheckCircleUnread	f27e
CheckInOut	f6f6
CheckIndeterminateSmall	f88a
CheckSmall	f88b
Checkbook	e70d
CheckedBag	eb0c
CheckedBagQuestion	eb0d
Checklist	e6b1
ChecklistRtl	e6b3
Checkroom	f19e
Cheer	f6a8
ChefHat	f357
Chess	f5e7
ChessBishop	f261
ChessBishop2	f262
ChessKing	f25f
ChessKing2	f260
ChessKnight	f25e
ChessPawn	f3b6
ChessPawn2	f25d
ChessQueen	f25c
ChessRook	f25b
ChevronBackward	f46b
ChevronForward	f46a
ChevronLeft	e5cb
ChevronLineUp	eec3
ChevronRight	e5cc
ChildCare	eb41
ChildFriendly	ef80
ChildHat	ef30
ChipExtraction	f821
Chips	e993
ChromeReaderMode	e86d
Chromecast2	f17b
ChromecastDevice	e83c
Chronic	ebb2
Church	eaae
CinematicBlur	f853
Circle	ef4a
CircleCircle	eee1
CircleNotifications	e994
Circles	e7ea
CirclesExt	e7ec
Clarify	f0bf
Class	e86e
CleanHands	f21f
Cleaning	e995
CleaningBucket	f8b4
CleaningServices	f0ff
Clear	e5cd
ClearAll	e0b8
ClearDay	f157
ClearNight	f159
ClimateMiniSplit	f8b5
ClinicalNotes	e09e
ClockArrowDown	f382
ClockArrowUp	f381
ClockLoader10	f726
ClockLoader20	f725
ClockLoader40	f724
ClockLoader60	f723
ClockLoader80	f722
ClockLoader90	f721
Close	e5cd
CloseFullscreen	f1cf
CloseSmall	f508
ClosedCaption	e996
ClosedCaptionAdd	f4ae
ClosedCaptionDisabled	f1dc
ClosedCaptionOff	e996
Cloud	f15c
CloudAlert	f3cc
CloudCircle	e2be
CloudDone	e2bf
CloudDownload	e2c0
CloudLock	f386
CloudOff	e2c1
CloudQueue	f15c
CloudSync	eb5a
CloudUpload	e2c3
Cloudy	f15c
CloudyFilled	f15c
CloudySnowing	e810
Co2	e7b0
CoPresent	eaf0
Code	e86f
CodeBlocks	f84d
CodeOff	e4f3
CodeXml	fff8b
Coffee	efef
CoffeeMaker	eff0
Cognition	e09f
Cognition2	f3b5
CollapseAll	e944
CollapseContent	f507
Collections	e3d3
CollectionsBookmark	e431
ColorLens	e40a
Colorize	e3b8
Colors	e997
CombineColumns	f420
ComedyMask	f4d6
ComicBubble	f5dd
Comment	e24c
CommentBank	ea4e
CommentsDisabled	e7a2
Commit	eaf5
Communication	e27c
Communities	eb16
CommunitiesFilled	eb16
Commute	e940
Compare	e3b9
CompareArrows	e915
CompassCalibration	e57c
ComponentExchange	f1e7
Compost	e761
Compress	e94d
Computer	e31e
ComputerArrowUp	f2f7
ComputerCancel	f2f6
ComputerSound	eeb4
Concierge	f561
Conditions	e0a0
ConfirmationNumber	e638
Congenital	e0a1
ConnectWithoutContact	f223
ConnectedTv	e998
ConnectingAirports	e7c9
Construction	ea3c
ContactEmergency	f8d1
ContactMail	e0d0
ContactPage	f22e
ContactPhone	f0c0
ContactPhoneFilled	f0c0
ContactSupport	e94c
Contactless	ea71
ContactlessOff	f858
Contacts	e0ba
ContactsProduct	e999
ContentCopy	e14d
ContentCut	e14e
ContentPaste	e14f
ContentPasteGo	ea8e
ContentPasteOff	e4f8
ContentPasteSearch	ea9b
ContextualToken	f486
ContextualTokenAdd	f485
Contract	f5a0
ContractDelete	f5a2
ContractEdit	f5a1
Contrast	eb37
ContrastCircle	f49f
ContrastRtlOff	ec72
ContrastSquare	f4a0
ControlCamera	e074
ControlPoint	e990
ControlPointDuplicate	e3bb
ControllerGen	e83d
Conversation	ef2f
ConversionPath	f0c1
ConversionPathOff	f7b4
ConvertToText	f41f
ConveyorBelt	f867
Cookie	eaac
CookieOff	f79a
Cooking	e2b6
CoolToDry	e276
CopyAll	e2ec
Copyright	e90c
Coronavirus	f221
CorporateFare	f1d0
Cottage	e587
Counter0	f785
Counter1	f784
Counter2	f783
Counter3	f782
Counter4	f781
Counter5	f780
Counter6	f77f
Counter7	f77e
Counter8	f77d
Counter9	f77c
Countertops	f1f7
Create	f097
CreateNewFolder	e2cc
CreditCard	e8a1
CreditCardClock	f438
CreditCardGear	f52d
CreditCardHeart	f52c
CreditCardOff	e4f4
CreditScore	eff1
Crib	e588
CrisisAlert	ebe9
Crop	e3be
Crop169	e3bc
Crop219	fff0a
Crop23	fff0b
Crop32	e3bd
Crop54	e3bf
Crop75	e3c0
Crop916	f549
CropDin	e3c6
CropFree	e3c2
CropLandscape	e3c3
CropOriginal	e3f4
CropPortrait	e3c5
CropRotate	e437
CropSquare	e3c6
Crossword	f5e5
Crowdsource	eb18
Crown	ecb3
CrueltyFree	e799
Css	eb93
Csv	e6cf
CurrencyBitcoin	ebc5
CurrencyExchange	eb70
CurrencyFranc	eafa
CurrencyLira	eaef
CurrencyPound	eaf1
CurrencyRuble	eaec
CurrencyRupee	eaf7
CurrencyRupeeCircle	f460
CurrencyYen	eafb
CurrencyYuan	eaf9
Curtains	ec1e
CurtainsClosed	ec1d
CustomTypography	e732
Cut	f08b
Cycle	f854
Cyclone	ebd5
Dangerous	e99a
DarkMode	e51c
Dashboard	e871
Dashboard2	f3ea
Dashboard2Add	ffee9
Dashboard2Edit	fffd7
Dashboard2Gear	fffd6
DashboardCustomize	e99b
DataAlert	f7f6
DataArray	ead1
DataCheck	f7f2
DataExploration	e76f
DataInfoAlert	f7f5
DataLossPrevention	e2dc
DataObject	ead3
DataSaverOff	eff2
DataSaverOn	eff3
DataTable	e99c
DataThresholding	eb9f
DataUsage	eff2
Database	f20e
DatabaseOff	f414
DatabaseSearch	f38e
DatabaseUpload	f3dc
Dataset	f8ee
DatasetLinked	f8ef
DateRange	e916
Deblur	eb77
Deceased	e0a5
DecimalDecrease	f82d
DecimalIncrease	f82c
Deck	ea42
Dehaze	e3c7
Delete	e92e
DeleteForever	e92b
DeleteHistory	f518
DeleteOutline	e92e
DeleteSweep	e16c
DeliveryDining	eb28
DeliveryTruckBolt	f3a2
DeliveryTruckSpeed	f3a1
Demography	e489
DensityLarge	eba9
DensityMedium	eb9e
DensitySmall	eba8
Dentistry	e0a6
DepartureBoard	e576
DeployedCode	f720
DeployedCodeAccount	f51b
DeployedCodeAlert	f5f2
DeployedCodeHistory	f5f3
DeployedCodeUpdate	f5f4
Dermatology	e0a7
Description	e873
Deselect	ebb6
DesignServices	f10a
Desk	f8f4
Deskphone	f7fa
DesktopAccessDisabled	e99d
DesktopCloud	f3db
DesktopCloudStack	f3be
DesktopLandscape	f45e
DesktopLandscapeAdd	f439
DesktopMac	e30b
DesktopPortrait	f45d
DesktopWindows	e30c
Destruction	f585
Details	e3c8
DetectionAndZone	e29f
DetectionAndZoneOff	eebf
Detector	e282
DetectorAlarm	e1f7
DetectorBattery	e204
DetectorCo	e2af
DetectorOffline	e223
DetectorSmoke	e285
DetectorStatus	e1e8
DeveloperBoard	e30d
DeveloperBoardOff	e4ff
DeveloperGuide	e99e
DeveloperMode	f2e2
DeveloperModeTv	e874
DeviceBand	f2f5
DeviceHub	e335
DeviceReset	e8b3
DeviceSwooshStar	ffeb8
DeviceThermostat	e1ff
DeviceUnknown	f2e1
Devices	e326
DevicesFold	ebde
DevicesFold2	f406
DevicesOff	f7a5
DevicesOther	e337
DevicesWearables	f6ab
DewPoint	f879
Diagnosis	e0a8
DiagonalLine	f41e
DialerSip	e0bb
Dialogs	e99f
Dialpad	e0bc
Diamond	ead5
DiamondShine	f2b2
Dictionary	f539
Difference	eb7d
DigitalOutOfHome	f1de
DigitalWellbeing	ef86
DineHeart	f29c
DineIn	f295
DineLamp	f29b
Dining	eff4
DinnerDining	ea57
Directions	e52e
DirectionsAlt	f880
DirectionsAltOff	f881
DirectionsBike	e52f
DirectionsBoat	eff5
DirectionsBoatFilled	eff5
DirectionsBus	eff6
DirectionsBusFilled	eff6
DirectionsCar	eff7
DirectionsCarFilled	eff7
DirectionsOff	f10f
DirectionsRailway	eff8
DirectionsRailway2	f462
DirectionsRailwayFilled	eff8
DirectionsRun	e566
DirectionsSubway	effa
DirectionsSubwayFilled	effa
DirectionsTransit	effa
DirectionsTransitFilled	effa
DirectionsWalk	e536
DirectorySync	e394
DirtyLens	ef4b
DisabledByDefault	f230
DisabledVisible	e76e
DiscFull	e610
DiscoverTune	e018
Dishwasher	e9a0
DishwasherGen	e832
DisplayAdd	ffed2
DisplayExternalInput	f7e7
DisplaySettings	eb97
Distance	f6ea
Diversity1	f8d7
Diversity2	f8d8
Diversity3	f8d9
Diversity4	f857
Dns	e875
DoDisturb	f08c
DoDisturbAlt	f08d
DoDisturbOff	f08e
DoDisturbOn	f08f
DoNotDisturb	f08d
DoNotDisturbAlt	f08c
DoNotDisturbOff	f08e
DoNotDisturbOn	f08f
DoNotDisturbOnTotalSilence	effb
DoNotStep	f19f
DoNotTouch	f1b0
Dock	f2e0
DockToBottom	f7e6
DockToLeft	f7e5
DockToRight	f7e4
Docs	ea7d
DocsAddOn	f0c2
DocsAppsScript	f0c3
DocumentScanner	e5fa
DocumentSearch	f385
Domain	e7ee
DomainAdd	eb62
DomainDisabled	e0ef
DomainDisabledCheck	ffec6
DomainVerification	ef4c
DomainVerificationOff	f7b0
DominoMask	f5e4
Done	e876
DoneAll	e877
DoneOutline	e92f
DonutLarge	e917
DonutSmall	e918
DoorBack	effc
DoorFront	effd
DoorOpen	e77c
DoorSensor	e28a
DoorSliding	effe
Doorbell	efff
Doorbell3p	e1e7
DoorbellChime	e1f3
DoubleArrow	ea50
DownhillSkiing	e509
Download	f090
Download2	f523
DownloadDone	f091
DownloadForOffline	f000
Downloading	f001
Draft	e66d
DraftOrders	e7b3
Drafts	e151
DragClick	f71f
DragHandle	e25d
DragIndicator	e945
DragPan	f71e
Draw	e746
DrawAbstract	f7f8
DrawCollage	f7f7
DrawingRecognition	eb00
Dresser	e210
DriveEta	eff7
DriveExport	f41d
DriveFileMove	e9a1
DriveFileMoveOutline	e9a1
DriveFileMoveRtl	e9a1
DriveFileRename	e676
DriveFileRenameOutline	e9a2
DriveFolderUpload	e9a3
Drone	f25a
Drone2	f259
Dropdown	e9a4
DropdownMenu	ffef0
DropperEye	f351
Dry	f1b3
DryCleaning	ea58
DualScreen	f6cf
Duo	e9a5
Dvr	e1b2
DynamicFeed	ea14
DynamicForm	f1bf
E911Avatar	f11a
E911Emergency	f119
EMobiledata	f002
EMobiledataBadge	f7e3
EarSound	f356
EarbudCase	f327
EarbudLeft	f326
EarbudRight	f325
Earbuds	f003
Earbuds2	f324
EarbudsBattery	f004
EarlyOn	e2ba
Earthquake	f64f
East	f1df
Ecg	f80f
EcgHeart	f6e9
Eco	ea35
Eda	f6e8
EdgesensorHigh	f2ef
EdgesensorLow	f2ee
Edit	f097
EditArrowDown	f380
EditArrowUp	f37f
EditAttributes	e578
EditAudio	f42d
EditCalendar	e742
EditDocument	f88c
EditLocation	e568
EditLocationAlt	e1c5
EditNote	e745
EditNotifications	e525
EditOff	e950
EditRoad	ef4d
EditSquare	f88d
EditorChoice	f528
Egg	eacc
EggAlt	eac8
Eject	e8fb
Elderly	f21a
ElderlyWoman	eb69
ElectricBike	eb1b
ElectricBolt	ec1c
ElectricCar	eb1c
ElectricMeter	ec1b
ElectricMoped	eb1d
ElectricRickshaw	eb1e
ElectricScooter	eb1f
ElectricalServices	f102
Elevation	f6e7
Elevator	f1a0
Email	e159
Emergency	e1eb
EmergencyHeat	f15d
EmergencyHeat2	f4e5
EmergencyHome	e82a
EmergencyRecording	ebf4
EmergencyShare	ebf6
EmergencyShareOff	f59e
EmojiEmotions	ea22
EmojiEvents	ea23
EmojiFlags	f0c6
EmojiFoodBeverage	ea1b
EmojiLanguage	f4cd
EmojiNature	ea1c
EmojiObjects	ea24
EmojiPeople	ea1d
EmojiSymbols	ea1e
EmojiTransportation	ea1f
Emoticon	e5f3
EmptyDashboard	f844
Enable	f188
Encrypted	e593
EncryptedAdd	f429
EncryptedAddCircle	f42a
EncryptedMinusCircle	f428
EncryptedOff	f427
Endocrinology	e0a9
Energy	e9a6
EnergyProgramSaving	f15f
EnergyProgramTimeUsed	f161
EnergySavingsLeaf	ec1a
Engineering	ea3d
EnhancedEncryption	e63f
Ent	e0aa
Enterprise	e70e
EnterpriseOff	eb4d
Equal	f77b
Equalizer	e01d
EraserSize1	f3fc
EraserSize2	f3fb
EraserSize3	f3fa
EraserSize4	f3f9
EraserSize5	f3f8
Error	f8b6
ErrorCircleRounded	f8b6
ErrorMed	e49b
ErrorOutline	f8b6
Escalator	f1a1
EscalatorWarning	f1ac
Euro	ea15
EuroSymbol	e926
EvCharger	e56d
EvMobiledataBadge	f7e2
EvShadow	ef8f
EvShadowAdd	f580
EvShadowMinus	f57f
EvStation	e56d
Event	e878
EventAvailable	e614
EventBusy	e615
EventList	f683
EventNote	e616
EventRepeat	eb7b
EventSeat	e903
EventUpcoming	f238
Exclamation	f22f
Exercise	f6e6
ExitToApp	e879
Expand	e94f
ExpandAll	e946
ExpandCircleDown	e7cd
ExpandCircleRight	f591
ExpandCircleUp	f5d2
ExpandContent	f830
ExpandLess	e5ce
ExpandMore	e5cf
ExpansionPanels	ef90
ExpensionPanels	ef90
Experiment	e686
Explicit	e01e
Explore	e87a
ExploreNearby	e538
ExploreOff	e9a8
Explosion	f685
ExportNotes	e0ac
Exposure	e3f6
ExposureNeg1	e3cb
ExposureNeg2	e3cc
ExposurePlus1	e800
ExposurePlus2	e3ce
ExposureZero	e3cf
Extension	e87b
ExtensionOff	e4f5
EyeTracking	f4c9
Eyebrow	eeb3
Eyeglasses	f6ee
Eyeglasses2	f2c7
Eyeglasses2Sound	f265
Eyeglasses3	ffef1
Face	f008
Face2	f8da
Face3	f8db
Face4	f8dc
Face5	f8dd
Face6	f8de
FaceDown	f402
FaceLeft	f401
FaceNod	f400
FaceRetouchingNatural	ef4e
FaceRetouchingOff	f007
FaceRight	f3ff
FaceShake	f3fe
FaceUnlock	f008
FaceUp	f3fd
FactCheck	f0c5
Factory	ebbc
Falling	f60d
FamiliarFaceAndZone	e21c
FamilyGroup	eef2
FamilyHistory	e0ad
FamilyHome	eb26
FamilyLink	eb19
FamilyRestroom	f1a2
FamilyStar	f527
FanFocus	f334
FanIndirect	f333
FarsightDigital	f559
FastForward	e01f
FastRewind	e020
Fastfood	e57a
Faucet	e278
Favorite	e87e
FavoriteBorder	e87e
Fax	ead8
FeatureSearch	e9a9
FeaturedPlayList	e06d
FeaturedSeasonalAndGifts	ef91
FeaturedVideo	e06e
Feed	f009
Feedback	e87f
Female	e590
Femur	f891
FemurAlt	f892
Fence	f1f6
Fertile	f6e5
Festival	ea68
FiberDvr	e05d
FiberManualRecord	e061
FiberNew	e05e
FiberPin	e06a
FiberSmartRecord	e062
FileCopy	e173
FileCopyOff	f4d8
FileDownload	f090
FileDownloadDone	f091
FileDownloadOff	e4fe
FileExport	f3b2
FileJson	f3bb
FileMap	e2c5
FileMapStack	f3e2
FileOpen	eaf3
FilePng	f3bc
FilePresent	ea0e
FileSave	f17f
FileSaveOff	e505
FileUpload	f09b
FileUploadOff	f886
Files	ea85
Filter	e3d3
Filter1	e3d0
Filter2	e3d1
Filter3	e3d2
Filter4	e3d4
Filter5	e3d5
Filter6	e3d6
Filter7	e3d7
Filter8	e3d8
Filter9	e3d9
Filter9Plus	e3da
FilterAlt	ef4f
FilterAltOff	eb32
FilterArrowRight	f3d1
FilterBAndW	e3db
FilterCenterFocus	e3dc
FilterDrama	e3dd
FilterFrames	e3de
FilterHdr	e3df
FilterList	e152
FilterListAlt	e94e
FilterListOff	eb57
FilterNone	e3e0
FilterRetrolux	e3e1
FilterTiltShift	e3e2
FilterVintage	e3e3
Finance	e6bf
FinanceChip	f84e
FinanceMode	ef92
FindInPage	e880
FindReplace	e881
Fingerprint	e90d
FingerprintOff	f49d
FireCheck	fffa8
FireExtinguisher	f1d8
FireHydrant	f1a3
FireTruck	f8f2
Fireplace	ea43
FirstPage	e5dc
FitPage	f77a
FitPageHeight	f397
FitPageWidth	f396
FitScreen	ea10
FitWidth	f779
FitnessCenter	eb43
FitnessTracker	f463
FitnessTrackers	eef1
Flag	f0c6
Flag2	f40f
FlagCheck	f3d8
FlagCircle	eaf8
FlagFilled	f0c6
Flaky	ef50
Flare	e3e4
FlashAuto	e3e5
FlashOff	e3e6
FlashOn	e3e7
FlashlightOff	f00a
FlashlightOn	f00b
Flatware	f00c
FlexDirection	f778
FlexNoWrap	f777
FlexWrap	f776
Flight	e539
FlightClass	e7cb
FlightLand	e904
FlightTakeoff	e905
FlightsAndHotels	e9ab
Flightsmode	ef93
Flip	e3e8
FlipCameraAndroid	ea37
FlipCameraIos	ea38
FlipToBack	e882
FlipToFront	e883
FloatLandscape2	f45c
FloatPortrait2	f45b
Flood	ebe6
Floor	f6e4
FloorLamp	e21e
Flourescent	f07d
Flowchart	f38d
Flowsheet	e0ae
Fluid	e483
FluidBalance	f80d
FluidMed	f80c
Fluorescent	f07d
Flutter	f1dd
FlutterDash	e00b
Flyover	f478
FmdBad	f00e
FmdGood	f1db
Foggy	e818
FoldedHands	f5ed
Folder	e2c7
FolderCheck	f3d7
FolderCheck2	f3d6
FolderCode	f3c8
FolderCopy	ebbd
FolderData	f586
FolderDelete	eb34
FolderEye	f3d5
FolderInfo	f395
FolderLimited	f4e4
FolderManaged	f775
FolderMatch	f3d4
FolderOff	eb83
FolderOpen	e2c8
FolderShared	e2c9
FolderSpecial	e617
FolderSupervised	f774
FolderZip	eb2c
FollowTheSigns	f222
FontDownload	e167
FontDownloadOff	e4f9
FoodBank	f1f2
FootBones	f893
Footprint	f87d
ForYou	e9ac
Forest	ea99
ForkChart	fffa6
ForkLeft	eba0
ForkRight	ebac
ForkSpoon	f3e4
Forklift	f868
FormatAlignCenter	e234
FormatAlignJustify	e235
FormatAlignLeft	e236
FormatAlignRight	e237
FormatBold	e238
FormatClear	e239
FormatColorFill	e23a
FormatColorReset	e23b
FormatColorText	e23c
FormatH1	f85d
FormatH2	f85e
FormatH3	f85f
FormatH4	f860
FormatH5	f861
FormatH6	f862
FormatImageBack	eeb0
FormatImageBreakLeft	eeaf
FormatImageBreakRight	eeae
FormatImageFront	eead
FormatImageInlineLeft	eeac
FormatImageInlineRight	ffffd
FormatImageLeft	f863
FormatImageRight	f864
FormatIndentDecrease	e23d
FormatIndentIncrease	e23e
FormatInkHighlighter	f82b
FormatItalic	e23f
FormatLetterSpacing	f773
FormatLetterSpacing2	f618
FormatLetterSpacingStandard	f617
FormatLetterSpacingWide	f616
FormatLetterSpacingWider	f615
FormatLineSpacing	e240
FormatListBulleted	e241
FormatListBulletedAdd	f849
FormatListNumbered	e242
FormatListNumberedRtl	e267
FormatOverline	eb65
FormatPaint	e243
FormatPaintOff	fff97
FormatParagraph	f865
FormatQuote	e244
FormatQuoteOff	f413
FormatShapes	e25e
FormatSize	e245
FormatStrikethrough	e246
FormatTextClip	f82a
FormatTextOverflow	f829
FormatTextWrap	f828
FormatTextdirectionLToR	e247
FormatTextdirectionRToL	e248
FormatTextdirectionVertical	f4b8
FormatUnderlined	e249
FormatUnderlinedSquiggle	f885
FormsAddOn	f0c7
FormsAppsScript	f0c8
Fort	eaad
Forum	e8af
Forward	f57a
Forward10	e056
Forward30	e057
Forward5	e058
ForwardCircle	f6f5
ForwardMedia	f6f4
ForwardToInbox	f187
Foundation	f200
Fragrance	f345
FrameBug	eeef
FrameExclamation	eeee
FrameInspect	f772
FramePerson	f8a6
FramePersonMic	f4d5
FramePersonOff	f7d1
FrameReload	f771
FrameSource	f770
FreeBreakfast	eb44
FreeCancellation	e748
FrontHand	e769
FrontLoader	f869
FullCoverage	eb12
FullHd	f58b
FullStackedBarChart	f212
Fullscreen	e5d0
FullscreenExit	e5d1
FullscreenPortrait	f45a
Function	f866
Functions	e24a
Funicular	f477
GMobiledata	f010
GMobiledataBadge	f7e1
GTranslate	e927
GalleryThumbnail	f86f
GameBumperLeft	eee0
GameBumperRight	eedf
GameButtonL	eede
GameButtonL1	eedd
GameButtonL2	eedc
GameButtonR	eedb
GameButtonR1	eeda
GameButtonR2	eed9
GameButtonZl	eed8
GameButtonZr	eed7
GameStickL3	eed6
GameStickLeft	eed5
GameStickR3	eed4
GameStickRight	eed3
GameTriggerLeft	eed2
GameTriggerRight	eed1
Gamepad	e30f
GamepadCircleDown	eed0
GamepadCircleLeft	eecf
GamepadCircleRight	eece
GamepadCircleUp	eecd
GamepadDown	eecc
GamepadLeft	eecb
GamepadRight	eeca
GamepadUp	eec9
Games	e30f
Garage	f011
GarageCheck	f28d
GarageDoor	e714
GarageDoorOpen	fff77
GarageHome	e82d
GarageMoney	f28c
GardenCart	f8a9
GasMeter	ec19
Gastroenterology	e0f1
Gate	e277
Gavel	e90e
GeneralDevice	e6de
GeneratingTokens	e749
Genetics	e0f3
Genres	e6ee
Gesture	e155
GestureSelect	f657
GetApp	f090
Gif	e908
Gif2	f40e
GifBox	e7a3
Girl	eb68
Gite	e58b
GlassCup	f6e3
Globe	e64c
Globe2Cancel	fffb7
Globe2Question	fffb6
GlobeAsia	f799
GlobeBook	f3c9
GlobeClock	ffed1
GlobeLocationPin	f35d
GlobeUk	f798
Glucose	e4a0
Glyphs	f8a3
GoToLine	f71d
GolfCourse	eb45
GondolaLift	f476
GoogleHomeDevices	e715
GooglePlusReshare	f57a
GoogleTvRemote	f5db
GoogleWifi	f579
GppBad	f012
GppGood	f013
GppMaybe	f014
GpsFixed	e55c
GpsNotFixed	e1b7
GpsOff	e1b6
Grade	f09a
Gradient	e3e9
Grading	ea4f
Grain	e3ea
Graph1	f3a0
Graph2	f39f
Graph3	f39e
Graph4	f39d
Graph5	f39c
Graph6	f39b
Graph7	f346
Graph8	fffec
GraphicEq	e1b8
GraphicEqOff	fff98
Grass	f205
Grid3x3	f015
Grid3x3Off	f67c
Grid4x4	f016
GridGoldenratio	f017
GridGuides	f76f
GridLayoutSide	fff8d
GridOff	e3eb
GridOn	e3ec
GridView	e9b0
Grocery	ef97
Group	ea21
GroupAdd	e7f0
GroupOff	e747
GroupRemove	e7ad
GroupSearch	f3ce
GroupWork	e886
GroupedBarChart	f211
Groups	f233
Groups2	f8df
Groups3	f8e0
Guardian	f4c1
Gynecology	e0f4
HMobiledata	f018
HMobiledataBadge	f7e0
HPlusMobiledata	f019
HPlusMobiledataBadge	f7df
Hail	e9b1
Hallway	e6f8
HanamiDango	f23f
HandBones	f894
HandGesture	ef9c
HandGestureOff	f3f3
HandMeal	f294
HandPackage	f293
HandheldController	f4c6
Handshake	ebcb
HandwritingRecognition	eb02
Handyman	f10b
HangoutVideo	e0c1
HangoutVideoOff	e0c2
HardDisk	f3da
HardDrive	f80e
HardDrive2	f7a4
Hardware	ea59
Hd	e052
HdrAuto	f01a
HdrAutoSelect	f01b
HdrEnhancedSelect	ef51
HdrOff	e3ed
HdrOffSelect	f01c
HdrOn	e3ee
HdrOnSelect	f01d
HdrPlus	f01e
HdrPlusOff	e3ef
HdrStrong	e3f1
HdrWeak	e3f2
HeadMountedDevice	f4c5
Headphones	f01f
HeadphonesBattery	f020
Headset	f01f
HeadsetMic	e311
HeadsetOff	e33a
Healing	e3f3
HealthAndBeauty	ef9d
HealthAndSafety	e1d5
HealthCross	f2c3
HealthMetrics	f6e2
HeapSnapshotLarge	f76e
HeapSnapshotMultiple	f76d
HeapSnapshotThumbnail	f76c
Hearing	e023
HearingAid	f464
HearingAidDisabled	f3b0
HearingAidDisabledLeft	f2ec
HearingAidLeft	f2ed
HearingDisabled	f104
HeartBroken	eac2
HeartCheck	f60a
HeartMinus	f883
HeartPlus	f884
HeartSmile	f292
Heat	f537
HeatPump	ec18
HeatPumpBalance	e27e
Height	ea16
Helicopter	f60c
Help	e8fd
HelpCenter	f1c0
HelpClinic	f810
HelpOutline	e8fd
Hematology	e0f6
Hevc	f021
Hexagon	eb39
Hide	ef9e
HideImage	f022
HideSource	f023
HighChair	f29a
HighDensity	f79c
HighQuality	e024
HighQualityOff	ffed6
HighRes	f54b
Highlight	e25f
HighlightAlt	ef52
HighlightKeyboardFocus	f510
HighlightMouseCursor	f511
HighlightOff	e888
HighlightTextCursor	f512
HighlighterSize1	f76b
HighlighterSize2	f76a
HighlighterSize3	f769
HighlighterSize4	f768
HighlighterSize5	f767
Hiking	e50a
History	e8b3
History2	f3e6
HistoryEdu	ea3e
HistoryOff	f4da
HistoryToggleOff	f17d
Hive	eaa6
Hls	eb8a
HlsOff	eb8c
HolidayVillage	e58a
Home	e9b2
HomeAndGarden	ef9f
HomeAppLogo	e295
HomeFilled	e9b2
HomeHealth	e4b9
HomeImprovementAndTools	efa0
HomeIotDevice	e283
HomeMax	f024
HomeMaxDots	e849
HomeMini	f025
HomePin	f14d
HomeRepairService	f100
HomeSpeaker	f11c
HomeStorage	f86c
HomeStorageGear	fff7e
HomeWork	f030
HorizontalAlignCenter	fff9c
HorizontalAlignLeft	fff9b
HorizontalAlignRight	fff9a
HorizontalDistribute	e014
HorizontalRule	f108
HorizontalSplit	e947
Host	f3d9
HotTub	eb46
Hotel	e549
HotelClass	e743
Hourglass	ebff
HourglassArrowDown	f37e
HourglassArrowUp	f37d
HourglassBottom	ea5c
HourglassCheck	fffed
HourglassDisabled	ef53
HourglassEmpty	e88b
HourglassFull	e88c
HourglassPause	f38c
HourglassTop	ea5b
House	ea44
HouseSiding	f202
HouseWithShield	e786
Houseboat	e584
HouseholdSupplies	efa1
Hov	f475
HowToReg	e174
HowToVote	e175
HrResting	f6ba
Html	eb7e
Http	e902
Https	e899
Hub	e9f4
Humerus	f895
HumerusAlt	f896
HumidityHigh	f163
HumidityIndoor	f558
HumidityLow	f164
HumidityMid	f165
HumidityPercentage	f87e
Hvac	f10e
HvacMaxDefrost	f332
IceSkating	e50b
Icecream	ea69
IdCard	f4ca
IdCard2	ffeea
IdentityAwareProxy	e2dd
IdentityPlatform	ebb7
Ifl	e025
Iframe	f71b
IframeOff	f71c
Image	e3f4
ImageArrowUp	f317
ImageAspectRatio	e6a6
ImageInset	f247
ImageNotSupported	f116
ImageSearch	e43f
ImagesearchRoller	e9b4
Imagesmode	efa2
Immunology	e0fb
ImportContacts	e0e0
ImportExport	e8d5
ImportantDevices	e912
InHomeMode	e833
InactiveOrder	e0fc
Inbox	e156
InboxCustomize	f859
InboxText	f399
InboxTextAsterisk	f360
InboxTextPerson	f35e
InboxTextShare	f35c
IncompleteCircle	e79b
IndeterminateCheckBox	e909
IndeterminateQuestionBox	f56d
Info	e88e
InfoI	f59b
Infrared	f87c
InkEraser	e6d0
InkEraserOff	e7e3
InkHighlighter	e6d1
InkHighlighterMove	f524
InkHighlighterOff	fff14
InkMarker	e6d2
InkPen	e6d3
InkSelection	ef52
Inpatient	e0fe
Input	e890
InputCircle	f71a
InsertChart	f0cc
InsertChartFilled	f0cc
InsertChartOutlined	f0cc
InsertComment	e24c
InsertDriveFile	e66d
InsertEmoticon	ea22
InsertInvitation	e878
InsertLink	e250
InsertPageBreak	eaca
InsertPhoto	e3f4
InsertText	f827
Insights	f092
InstallDesktop	eb71
InstallMobile	f2cd
InstantMix	e026
IntegrationInstructions	ef54
InteractiveSpace	f7ff
Interests	e7c8
InterpreterMode	e83b
Inventory	e179
Inventory2	e1a1
InvertColors	e891
InvertColorsOff	e0c4
Ios	e027
IosShare	e6b8
Iron	e583
Iso	e3f6
JamboardKiosk	e9b5
JapaneseCurry	f284
JapaneseFlag	f283
Javascript	eb7c
Jewelry	ffedb
Join	f84f
JoinFull	f84f
JoinInner	eaf4
JoinLeft	eaf2
JoinRight	eaea
Joystick	f5ee
JumpToElement	f719
KanjiAlcohol	f23e
Kayaking	e50c
KebabDining	e842
Keep	f027
KeepOff	e6f9
KeepPin	f027
KeepPublic	f56f
Kettle	e2b9
Key	e73c
KeyOff	eb84
KeyVertical	f51a
KeyVisualizer	f199
Keyboard	e312
KeyboardAlt	f028
KeyboardArrowDown	e313
KeyboardArrowLeft	e314
KeyboardArrowRight	e315
KeyboardArrowUp	e316
KeyboardBackspace	e317
KeyboardCapslock	e318
KeyboardCapslockBadge	f7de
KeyboardCommandKey	eae7
KeyboardControlKey	eae6
KeyboardDoubleArrowDown	ead0
KeyboardDoubleArrowLeft	eac3
KeyboardDoubleArrowRight	eac9
KeyboardDoubleArrowUp	eacf
KeyboardExternalInput	f7dd
KeyboardFull	f7dc
KeyboardHide	e31a
KeyboardKeys	f67b
KeyboardLock	f492
KeyboardLockOff	f491
KeyboardOff	f67a
KeyboardOnscreen	f7db
KeyboardOptionKey	eae8
KeyboardPreviousLanguage	f7da
KeyboardReturn	e31b
KeyboardTab	e31c
KeyboardTabRtl	ec73
KeyboardVoice	e31d
KidStar	f526
KingBed	ea45
Kitchen	eb47
Kitesurfing	e50d
LabPanel	e103
LabProfile	e104
LabResearch	f80b
Label	e893
LabelImportant	e948
LabelImportantOutline	e948
LabelOff	e9b6
LabelOutline	e893
Labs	e105
Lan	eb2f
Landscape	e564
Landscape2	f4c4
Landscape2Edit	f310
Landscape2Off	f4c3
Landslide	ebd7
Language	ea07
LanguageChineseArray	f766
LanguageChineseCangjie	f765
LanguageChineseDayi	f764
LanguageChinesePinyin	f763
LanguageChineseQuick	f762
LanguageChineseWubi	f761
LanguageFrench	f760
LanguageGbEnglish	f75f
LanguageInternational	f75e
LanguageJapaneseKana	f513
LanguageKoreanLatin	f75d
LanguagePinyin	f75c
LanguageSpanish	f5e9
LanguageUs	f759
LanguageUsColemak	f75b
LanguageUsDvorak	f75a
Laps	f6b9
Laptop	e31e
LaptopCar	f3cd
LaptopChromebook	e31f
LaptopMac	e320
LaptopWindows	e321
LassoSelect	eb03
LastPage	e5dd
Launch	e89e
Laundry	e2a8
Layers	e53b
LayersClear	e53c
Lda	e106
Leaderboard	f20c
LeakAdd	e3f8
LeakRemove	e3f9
LeftClick	f718
LeftPanelClose	f717
LeftPanelOpen	f716
LegendToggle	f11b
Lens	e3fa
LensBlur	f029
LetterSwitch	f758
LibraryAdd	e03c
LibraryAddCheck	e9b7
LibraryBooks	e02f
LibraryMusic	e030
License	eb04
LiftToTalk	efa3
Light	f02a
LightGroup	e28b
LightGroup2	fff76
LightMode	e518
LightModeAuto	fff00
LightOff	e9b8
Lightbulb	e90f
Lightbulb2	f3e3
LightbulbCircle	ebfe
LightbulbOutline	e90f
LightningStand	efa4
Lightstrip	fff75
LineAxis	ea9a
LineCurve	f757
LineEnd	f826
LineEndArrow	f81d
LineEndArrowNotch	f81c
LineEndCircle	f81b
LineEndDiamond	f81a
LineEndSquare	f819
LineStart	f825
LineStartArrow	f818
LineStartArrowNotch	f817
LineStartCircle	f816
LineStartDiamond	f815
LineStartSquare	f814
LineStyle	e919
LineWeight	e91a
LinearScale	e260
Link	e250
Link2	fffb5
LinkOff	e16f
LinkedCamera	e438
LinkedServices	f535
Lips	eeb2
Liquor	ea60
List	e896
List2	ffeca
ListAlt	e0ee
ListAltAdd	f756
ListAltCheck	f3de
ListArrow	fff33
Lists	e9b9
LiveHelp	e0c6
LiveTv	e63a
Living	f02b
LocalActivity	e553
LocalAirport	e53d
LocalAtm	e53e
LocalBar	e540
LocalCafe	eb44
LocalCarWash	e542
LocalConvenienceStore	e543
LocalDining	e561
LocalDrink	e544
LocalFireDepartment	ef55
LocalFlorist	e545
LocalGasStation	e546
LocalGroceryStore	e8cc
LocalHospital	e548
LocalHotel	e549
LocalLaundryService	e54a
LocalLibrary	e54b
LocalMall	e54c
LocalMovies	e8da
LocalOffer	f05b
LocalParking	e54f
LocalPharmacy	e550
LocalPhone	f0d4
LocalPizza	e552
LocalPlay	e553
LocalPolice	ef56
LocalPostOffice	e554
LocalPrintshop	e8ad
LocalSee	e557
LocalShipping	e558
LocalTaxi	e559
LocationAutomation	f14f
LocationAway	f150
LocationChip	f850
LocationCity	e7f1
LocationDisabled	e1b6
LocationHome	f152
LocationOff	e0c7
LocationOn	f1db
LocationPin	f1db
LocationSearching	e1b7
LocatorTag	f8c1
Lock	e899
LockClock	ef57
LockOpen	e898
LockOpenCircle	f361
LockOpenRight	f656
LockOutline	e899
LockPerson	f8f3
LockReset	eade
Login	ea77
LogoDev	ead6
Logout	e9ba
Looks	e3fc
Looks3	e3fb
Looks4	e3fd
Looks5	e3fe
Looks6	e3ff
LooksOne	e400
LooksTwo	e401
Loop	e863
Loupe	e402
LowDensity	f79b
LowPriority	e16d
Lowercase	f48a
Loyalty	e89a
LteMobiledata	f02c
LteMobiledataBadge	f7d9
LtePlusMobiledata	f02d
LtePlusMobiledataBadge	f7d8
Luggage	f235
LunchDining	ea61
Lyrics	ec0b
MacroAuto	f6f2
MacroOff	f8d2
MagicButton	f136
MagicExchange	f7f4
MagicTether	f7d7
MagnificationLarge	f83d
MagnificationSmall	f83c
MagnifyDocked	f7d6
MagnifyFullscreen	f7d5
Mail	e159
MailAsterisk	eef4
MailLock	ec0a
MailOff	f48b
MailOutline	e159
MailShield	f249
Male	e58e
Man	e4eb
Man2	f8e1
Man3	f8e2
Man4	f8e3
ManageAccounts	f02e
ManageHistory	ebe7
ManageSearch	f02f
Manga	f5e3
Manufacturing	e726
Map	e55b
MapPinHeart	f298
MapPinReview	f297
MapSearch	f3ca
MapsHomeWork	f030
MapsUgc	ef58
Margin	e9bb
MarkAsUnread	e9bc
MarkChatRead	f18b
MarkChatUnread	f189
MarkEmailRead	f18c
MarkEmailUnread	f18a
MarkUnreadChatAlt	eb9d
Markdown	f552
MarkdownCopy	f553
MarkdownPaste	f554
Markunread	e159
MarkunreadMailbox	e89b
MaskedTransitions	e72e
MaskedTransitionsAdd	f42b
Masks	f218
Massage	f2c2
MatchCase	f6f1
MatchCaseOff	f36f
MatchWord	f6f0
Matter	e907
Maximize	e930
MealDinner	f23d
MealLunch	f23c
MeasuringTape	f6af
MediaBluetoothOff	f031
MediaBluetoothOn	f032
MediaLink	f83f
MediaOutput	f4f2
MediaOutputOff	f4f3
Mediation	efa7
MedicalInformation	ebed
MedicalMask	f80a
MedicalServices	f109
Medication	f033
MedicationLiquid	ea87
MeetingRoom	eb4f
Memory	e322
MemoryAlt	f7a3
MenstrualHealth	f6e1
Menu	e5d2
MenuBook	ea19
MenuBook2	f291
MenuOpen	e9bd
Merge	eb98
MergeType	e252
Message	e0c9
Metabolism	e10b
Metro	f474
MfgNestYaleLock	f11d
Mic	e31d
MicAlert	f392
MicDouble	f5d1
MicExternalOff	ef59
MicExternalOn	ef5a
MicGear	eeba
MicNone	e31d
MicOff	e02b
Microbiology	e10c
Microwave	f204
MicrowaveGen	e847
MilitaryTech	ea3f
Mimo	e9be
MimoDisconnect	e9bf
Mindfulness	f6e0
Minimize	e931
MinorCrash	ebf1
Mintmark	efa9
MissedVideoCall	f0ce
MissedVideoCallFilled	f0ce
MissingController	e701
Mist	e188
Mitre	f547
MixtureMed	e4c8
Mms	e618
Mobile	e7ba
Mobile2	f2db
Mobile3	f2da
MobileAlert	f2d3
MobileArrowDown	f2cd
MobileArrowRight	f2d2
MobileArrowUpRight	f2b9
MobileBlock	f2e5
MobileCamera	f44e
MobileCameraFront	f2c9
MobileCameraRear	f2c8
MobileCancel	f2ea
MobileCast	f2cc
MobileCharge	f2e3
MobileChat	f79f
MobileCheck	f073
MobileCode	f2e2
MobileDock	f2e0
MobileDots	f2d0
MobileFriendly	f073
MobileGear	f2d9
MobileHand	f323
MobileHandLeft	f313
MobileHandLeftOff	f312
MobileHandOff	f314
MobileInfo	f2dc
MobileLandscape	ed3e
MobileLayout	f2bf
MobileLockLandscape	f2d8
MobileLockPortrait	f2be
MobileLoupe	f322
MobileMenu	f2d1
MobileOff	e201
MobileQuestion	f2e1
MobileRotate	f2d5
MobileRotateLock	f2d6
MobileScreenShare	f2df
MobileScreensaver	f321
MobileSensorHi	f2ef
MobileSensorLo	f2ee
MobileShare	f2df
MobileShareStack	f2de
MobileSound	f2e8
MobileSound2	f318
MobileSoundOff	f7aa
MobileSpeaker	f320
MobileTap	ffeb2
MobileText	f2eb
MobileText2	f2e6
MobileTheft	f2a9
MobileTicket	f2e4
MobileUnlock	eeea
MobileVibrate	f2cb
MobileWrench	f2b0
MobiledataArrows	fffa3
MobiledataOff	f034
Mode	f097
ModeComment	e253
ModeCool	f166
ModeCoolOff	f167
ModeDual	f557
ModeEdit	f097
ModeEditOutline	f097
ModeFan	f168
ModeFan2	fffd0
ModeFanOff	ec17
ModeHeat	f16a
ModeHeatCool	f16b
ModeHeatOff	f16d
ModeNight	f036
ModeOfTravel	e7ce
ModeOffOn	f16f
ModeStandby	f037
ModelTraining	f0cf
Modeling	f3aa
MonetizationOn	e263
Money	e57d
MoneyBag	f3ee
MoneyOff	f038
MoneyOffCsred	f038
MoneyRange	f245
Monitor	ef5b
MonitorHeart	eaa2
MonitorWeight	f039
MonitorWeightGain	f6df
MonitorWeightLoss	f6de
Monitoring	f190
MonochromePhotos	e403
Monorail	f473
Mood	ea22
MoodBad	e7f3
MoodHeart	fffb4
MoonStars	f34f
Mop	e28d
Moped	eb28
MopedPackage	f28b
More	e619
MoreDown	f196
MoreHoriz	e5d3
MoreTime	ea5d
MoreUp	f197
MoreVert	e5d4
Mosque	eab2
MotionBlur	f0d0
MotionMode	f842
MotionPhotosAuto	f03a
MotionPhotosOff	e9c0
MotionPhotosOn	e9c1
MotionPhotosPause	f227
MotionPhotosPaused	f227
MotionPlay	f40b
MotionSensorActive	e792
MotionSensorAlert	e784
MotionSensorIdle	e783
MotionSensorUrgent	e78e
Motorcycle	e91b
MountainFlag	f5e2
MountainSteam	f282
Mouse	e323
MouseLock	f490
MouseLockOff	f48f
Move	e740
MoveDown	eb61
MoveGroup	f715
MoveItem	f1ff
MoveLocation	e741
MoveSelectionDown	f714
MoveSelectionLeft	f713
MoveSelectionRight	f712
MoveSelectionUp	f711
MoveToInbox	e168
MoveUp	eb64
MovedLocation	e594
Movie	e404
MovieCreation	e404
MovieEdit	f840
MovieEditOff	fff7d
MovieFilter	e43a
MovieInfo	e02d
MovieOff	f499
MovieSpeaker	f2a3
Moving	e501
MovingBeds	e73d
MovingMinistry	e73e
Mp	e9c3
Multicooker	e293
MultilineChart	e6df
MultimodalHandEye	f41b
MultipleAirports	efab
MultipleStop	f1b9
Museum	ea36
MusicCast	eb1a
MusicHistory	f2c1
MusicNote	e405
MusicNote2	fffd8
MusicNoteAdd	f391
MusicOff	e440
MusicVideo	e063
MyLocation	e55c
Mystery	f5e1
Nat	ef5c
Nature	e406
NaturePeople	e407
NavigateBefore	e5cb
NavigateNext	e5cc
Navigation	e55d
NearMe	e569
NearMeDisabled	f1ef
Nearby	e6b7
NearbyError	f03b
NearbyOff	f03c
Nephrology	e10d
NestAudio	ebbf
NestCamFloodlight	f8b7
NestCamIndoor	f11e
NestCamIq	f11f
NestCamIqOutdoor	f120
NestCamMagnetMount	f8b8
NestCamOutdoor	f121
NestCamStand	f8b9
NestCamWallMount	f8ba
NestCamWiredStand	ec16
NestClockFarsightAnalog	f8bb
NestClockFarsightDigital	f8bc
NestConnect	f122
NestDetect	f123
NestDisplay	f124
NestDisplayMax	f125
NestDoorbellVisitor	f8bd
NestEcoLeaf	f8be
NestFarsightCool	f27d
NestFarsightDual	f27c
NestFarsightEco	f27b
NestFarsightHeat	f27a
NestFarsightSeasonal	f279
NestFarsightWeather	f8bf
NestFoundSavings	f8c0
NestGaleWifi	f579
NestHeatLinkE	f126
NestHeatLinkGen3	f127
NestHelloDoorbell	e82c
NestLocatorTag	f8c1
NestMini	e789
NestMultiRoom	f8c2
NestProtect	e68e
NestRemote	f5db
NestRemoteComfortSensor	f12a
NestSecureAlarm	f12b
NestSunblock	f8c3
NestTag	f8c1
NestThermostat	e68f
NestThermostatEEu	f12d
NestThermostatGen3	f12e
NestThermostatSensor	f12f
NestThermostatSensorEu	f130
NestThermostatZirconiumEu	f131
NestTrueRadiant	f8c4
NestWakeOnApproach	f8c5
NestWakeOnPress	f8c6
NestWifiGale	f132
NestWifiMistral	f133
NestWifiPoint	f134
NestWifiPointVento	f134
NestWifiPro	f56b
NestWifiPro2	f56a
NestWifiRouter	f133
NetworkCell	e1b9
NetworkCheck	e640
NetworkIntelNode	f371
NetworkIntelligence	efac
NetworkIntelligenceHistory	f5f6
NetworkIntelligenceUpdate	f5f5
NetworkLocked	e61a
NetworkManage	f7ab
NetworkNode	f56e
NetworkPing	ebca
NetworkWifi	e1ba
NetworkWifi1Bar	ebe4
NetworkWifi1BarLocked	f58f
NetworkWifi2Bar	ebd6
NetworkWifi2BarLocked	f58e
NetworkWifi3Bar	ebe1
NetworkWifi3BarLocked	f58d
NetworkWifiLocked	f532
Neurology	e10e
NewLabel	e609
NewReleases	ef76
NewWindow	f710
News	e032
Newsmode	efad
Newspaper	eb81
Newsstand	e9c4
NextPlan	ef5d
NextWeek	e16a
Nfc	e1bb
NfcOff	f369
NightShelter	f1f1
NightSightAuto	f1d7
NightSightAutoOff	f1f9
NightSightMax	f6c3
Nightlife	ea62
Nightlight	f03d
NightlightRound	f03d
NightsStay	f174
NoAccounts	f03e
NoAdultContent	f8fe
NoBackpack	f237
NoCrash	ebf0
NoDrinks	f1a5
NoEncryption	f03f
NoEncryptionGmailerrorred	f03f
NoFlash	f1a6
NoFood	f1a7
NoLuggage	f23b
NoMeals	f1d6
NoMeetingRoom	eb4e
NoPhotography	f1a8
NoSim	e1ce
NoSound	e710
NoStroller	f1af
NoTransfer	f1d5
NoiseAware	ebec
NoiseControlOff	ebf3
NoiseControlOn	f8a8
NordicWalking	e50e
North	f1e0
NorthEast	f1e1
NorthWest	f1e2
NotAccessible	f0fe
NotAccessibleForward	f54a
NotInterested	f08c
NotListedLocation	e575
NotStarted	f0d1
Note	e66d
NoteAdd	e89c
NoteAlt	f040
NoteStack	f562
NoteStackAdd	f563
Notes	e26c
NotificationAdd	e399
NotificationAudio	eec1
NotificationAudioOff	eec0
NotificationImportant	e004
NotificationMultiple	e6c2
NotificationSettings	f367
NotificationSound	f353
Notifications	e7f5
NotificationsActive	e7f7
NotificationsNone	e7f5
NotificationsOff	e7f6
NotificationsPaused	e7f8
NotificationsUnread	f4fe
Numbers	eac7
Nutrition	e110
Ods	e6e8
Odt	e6e9
OfflineBolt	e932
OfflinePin	e90a
OfflinePinOff	f4d0
OfflineShare	f2de
OilBarrel	ec15
Okonomiyaki	f281
OnDeviceTraining	ebfd
OnHubDevice	e6c3
Oncology	e114
OndemandVideo	e63a
OnlinePrediction	f0eb
Onsen	f6f8
Opacity	e91c
OpenInBrowser	e89d
OpenInFull	f1ce
OpenInNew	e89e
OpenInNewDown	f70f
OpenInNewOff	e4f6
OpenInPhone	f2d2
OpenJam	efae
OpenRun	f4b7
OpenWith	e89f
Ophthalmology	e115
OralDisease	e116
Orbit	f426
OrderApprove	f812
OrderPlay	f811
Orders	eb14
Orthopedics	f897
OtherAdmission	e47b
OtherHouses	e58c
Outbound	e1ca
Outbox	ef5f
OutboxAlt	eb17
OutdoorGarden	e205
OutdoorGrill	ea47
OutgoingMail	f0d2
Outlet	f1d4
OutlinedFlag	f0c6
Outpatient	e118
OutpatientMed	e119
Output	ebbe
OutputCircle	f70e
Oven	e9c7
OvenGen	e843
Overview	e4a7
OverviewKey	f7d4
Owl	f3b4
OxygenSaturation	e4de
P2p	f52a
Pace	f6b8
Pacemaker	e656
Package	e48f
Package2	f569
Padding	e9c8
Padel	f2a7
PageControl	e731
PageFooter	f383
PageHeader	f384
PageInfo	f614
PageMenuIos	eefb
Pageless	f509
Pages	e7f9
Pageview	e8a0
Paid	f041
Palette	e40a
Pallet	f86a
PanTool	e925
PanToolAlt	ebb9
PanZoom	f655
Panorama	e691
PanoramaFishEye	e40c
PanoramaHorizontal	e40d
PanoramaPhotosphere	e9c9
PanoramaVertical	e40e
PanoramaWideAngle	e40f
Paragliding	e50f
ParentChildDining	f22d
Park	ea63
ParkingMeter	f28a
ParkingSign	f289
ParkingValet	f288
PartlyCloudyDay	f172
PartlyCloudyNight	f174
PartnerExchange	f7f9
PartnerHeart	ef2e
PartnerReports	efaf
PartyMode	e7fa
Passkey	f87f
Passport	eec4
Password	f042
Password2	f4a9
Password2Off	f4a8
PatientList	e653
Pattern	f043
Pause	e034
PauseCircle	e1a2
PauseCircleFilled	e1a2
PauseCircleOutline	e1a2
PausePresentation	e0ea
Payment	e8a1
PaymentArrowDown	f2c0
PaymentCard	f2a1
Payments	ef63
PedalBike	eb29
Pediatrics	e11d
PenSize1	f755
PenSize2	f754
PenSize3	f753
PenSize4	f752
PenSize5	f751
Pending	ef64
PendingActions	f1bb
Pentagon	eb50
People	ea21
PeopleAlt	ea21
PeopleOutline	ea21
PeopleSizeDecrease	ffeb1
PeopleSizeIncrease	ffeb0
Percent	eb58
PercentDiscount	f244
PerformanceMax	e51a
Pergola	e203
PermCameraMic	e8a2
PermContactCalendar	e8a3
PermDataSetting	e8a4
PermDeviceInformation	f2dc
PermIdentity	f0d3
PermMedia	e8a7
PermPhoneMsg	e8a8
PermScanWifi	e8a9
Person	f0d3
Person2	f8e4
Person3	f8e5
Person4	f8e6
PersonAdd	ea4d
PersonAddAlt	ea4d
PersonAddDisabled	e9cb
PersonAlert	f567
PersonApron	f5a3
PersonBook	f5e8
PersonCancel	f566
PersonCelebrate	f7fe
PersonCheck	f565
PersonEdit	f4fa
PersonFilled	f0d3
PersonHeart	f290
PersonOff	e510
PersonOutline	f0d3
PersonPin	e55a
PersonPinCircle	e56a
PersonPlay	f7fd
PersonRaisedHand	f59a
PersonRemove	ef66
PersonSearch	f106
PersonShield	e384
PersonText	eebd
PersonalBag	eb0e
PersonalBagOff	eb0f
PersonalBagQuestion	eb10
PersonalInjury	e6da
PersonalPlaces	e703
PersonalVideo	e63b
PestControl	f0fa
PestControlRodent	f0fd
PetSupplies	efb1
Pets	e91d
Phishing	ead7
Phone	f0d4
PhoneAlt	f0d4
PhoneAndroid	f2db
PhoneBluetoothSpeaker	e61b
PhoneCallback	e649
PhoneCancel	fff9d
PhoneDisabled	e9cc
PhoneEnabled	e9cd
PhoneForwarded	e61c
PhoneInTalk	e61d
PhoneIphone	f2da
PhoneLocked	e61e
PhoneMissed	e61f
PhonePaused	e620
Phonelink	e326
PhonelinkErase	f2ea
PhonelinkLock	f2be
PhonelinkOff	f7a5
PhonelinkRing	f2e8
PhonelinkRingOff	f7aa
PhonelinkSetup	f2d9
Photo	e693
PhotoAlbum	e411
PhotoAutoMerge	f530
PhotoCamera	e412
PhotoCameraBack	ef68
PhotoCameraFront	ef69
PhotoFilter	e43b
PhotoFrame	f0d9
PhotoLibrary	e413
PhotoPrints	efb2
PhotoSizeSelectActual	e693
PhotoSizeSelectLarge	e433
PhotoSizeSelectSmall	e434
Php	eb8f
PhysicalTherapy	e11e
Piano	e521
PianoOff	e520
Pickleball	f2a6
PictureAsPdf	e415
PictureInPicture	e8aa
PictureInPictureAlt	e911
PictureInPictureCenter	f550
PictureInPictureLarge	f54f
PictureInPictureMedium	f54e
PictureInPictureMobile	f517
PictureInPictureOff	f52f
PictureInPictureSmall	f54d
PieChart	f0da
PieChartFilled	f0da
PieChartOutline	f0da
PieChartOutlined	f0da
Pill	e11f
PillOff	f809
Pin	f045
PinDrop	e55e
PinEnd	e767
PinHistory	fff2e
PinInvoke	e763
PinRoad	fff2d
PinRoad2	ffeeb
Pinboard	f3ab
PinboardUnread	f3ac
Pinch	eb38
PinchZoomIn	f1fa
PinchZoomOut	f1fb
Pip	f64d
PipExit	f70d
PivotTableChart	e9ce
Place	f1db
PlaceItem	f1f0
Plagiarism	ea5a
PlaneContrails	f2ac
Planet	f387
PlannerBannerAdPt	e692
PlannerReview	e694
PlayArrow	e037
PlayCircle	e1c4
PlayDisabled	ef6a
PlayForWork	e906
PlayLesson	f047
PlayMusic	e6ee
PlayPause	f137
PlayShapes	f7fc
Playground	f28e
Playground2	f28f
PlayingCards	f5dc
PlaylistAdd	e03b
PlaylistAddCheck	e065
PlaylistAddCheckCircle	e7e6
PlaylistAddCircle	e7e5
PlaylistPlay	e05f
PlaylistRemove	eb80
PlugConnect	f35a
Plumbing	f107
PlusOne	e800
Podcasts	f048
Podiatry	e120
Podium	f7fb
PointOfSale	f17e
PointScan	f70c
PokerChip	f49b
Policy	ea17
PolicyAlert	f407
Poll	f0cc
Polyline	ebbb
Polymer	e8ab
Pool	eb48
PortableWifiOff	f087
Portrait	e851
PositionBottomLeft	f70b
PositionBottomRight	f70a
PositionTopRight	f709
Post	e705
PostAdd	ea20
PottedPlant	f8aa
Power	e63c
PowerInput	e336
PowerOff	e646
PowerRounded	f8c7
PowerSettingsCircle	f418
PowerSettingsNew	f8c7
PrayerTimes	f838
PrecisionManufacturing	f049
Pregnancy	f5f1
PregnantWoman	f5f1
Preliminary	e7d8
Prescriptions	e121
PresentToAll	e0df
Preview	f1c5
PreviewOff	f7af
PriceChange	f04a
PriceCheck	f04b
Print	e8ad
PrintAdd	f7a2
PrintConnect	f7a1
PrintDisabled	e9cf
PrintError	f7a0
PrintLock	f651
Priority	efb4
PriorityHigh	e645
Privacy	f148
PrivacyTip	f0dc
PrivateConnectivity	e744
Problem	e122
Procedure	e651
ProcessChart	f855
ProductionQuantityLimits	e1d1
Productivity	e296
ProgressActivity	e9d0
PromptSuggestion	f4f6
Propane	ec14
PropaneTank	ec13
Psychiatry	e123
Psychology	ea4a
PsychologyAlt	f8ea
Public	e80b
PublicOff	f1ca
Publish	e255
PublishedWithChanges	f232
Pulmonology	e124
PulseAlert	f501
PunchClock	eaa8
PushPin	f10d
QrCode	ef6b
QrCode2	e00a
QrCode2Add	f658
QrCodeScanner	f206
QueryBuilder	efd6
QueryStats	e4fc
QuestionAnswer	e8af
QuestionExchange	f7f3
QuestionMark	eb8b
Queue	e03c
QueueMusic	e03d
QueuePlayNext	e066
QuickPhrases	e7d1
QuickReference	e46e
QuickReferenceAll	f801
QuickReorder	eb15
Quickreply	ef6c
QuietTime	f159
QuietTimeActive	eb76
Quiz	f04c
RMobiledata	f04d
Radar	f04e
Radio	e03e
RadioButtonChecked	e837
RadioButtonPartial	f560
RadioButtonUnchecked	e836
Radiology	e125
RailwayAlert	e9d1
RailwayAlert2	f461
Rainy	f176
RainyHeavy	f61f
RainyLight	f61e
RainySnow	f61d
RamenDining	ea64
RampLeft	eb9c
RampRight	eb96
RangeHood	e1ea
RateReview	e560
RateReviewRtl	e706
Raven	f555
RawOff	f04f
RawOn	f050
ReadMore	ef6d
ReadinessScore	f6dd
RealEstateAgent	e73a
RearCamera	f6c2
Rebase	f845
RebaseEdit	f846
Receipt	e8b0
ReceiptLong	ef6e
ReceiptLongOff	f40a
RecentActors	e03f
RecentPatient	f808
Recenter	f4c0
Recommend	e9d2
RecordVoiceOver	e91f
Rectangle	eb54
RectangleAdd	eec8
Recycling	e760
Redeem	e8f6
Redo	e15a
ReduceCapacity	f21c
Refresh	e5d5
RegularExpression	f750
Relax	f6dc
ReleaseAlert	f654
RememberMe	f051
Reminder	e6c6
RemindersAlt	e6c6
RemoteGen	e83e
Remove	e15b
RemoveCircle	f08f
RemoveCircleOutline	f08f
RemoveDone	e9d3
RemoveFromQueue	e067
RemoveModerator	e9d4
RemoveRedEye	e8f4
RemoveRoad	ebfc
RemoveSelection	e9d5
RemoveShoppingCart	e928
ReopenWindow	f708
Reorder	e8fe
Repartition	f8e8
Repeat	e040
RepeatOn	e9d6
RepeatOne	e041
RepeatOneOn	e9d7
ReplaceAudio	f451
ReplaceImage	f450
ReplaceVideo	f44f
Replay	e042
Replay10	e059
Replay30	e05a
Replay5	e05b
ReplayCircleFilled	e9d8
Reply	e15e
ReplyAll	e15f
Report	f052
ReportGmailerrorred	f052
ReportOff	e170
ReportProblem	f083
RequestPage	f22c
RequestQuote	f1b6
ResetBrightness	f482
ResetColors	ffee2
ResetExposure	f266
ResetFocus	f481
ResetImage	f824
ResetIso	f480
ResetSettings	f47f
ResetShadow	f47e
ResetShutterSpeed	f47d
ResetTv	e9d9
ResetWhiteBalance	f47c
ResetWrench	f56c
Resize	f707
ResizeWindow	fff99
RespiratoryRate	e127
ResponsiveLayout	e9da
RestArea	f22a
RestartAlt	f053
Restaurant	e56c
RestaurantMenu	e561
Restore	e8b3
RestoreFromTrash	e938
RestorePage	e929
Resume	f7d0
Reviews	f07c
RewardedAds	efb6
Rheumatology	e128
RibCage	f898
RiceBowl	f1f5
RightClick	f706
RightPanelClose	f705
RightPanelOpen	f704
RingVolume	f0dd
RingVolumeFilled	f0dd
Ripples	e9db
Road	f472
Robot	f882
Robot2	f5d0
Rocket	eba5
RocketLaunch	eb9b
RollerShades	ec12
RollerShadesClosed	ec11
RollerSkating	ebcd
Roofing	f201
Room	f1db
RoomPreferences	f1b8
RoomService	eb49
Rotate90DegreesCcw	e418
Rotate90DegreesCw	eaab
RotateAuto	f417
RotateLeft	e419
RotateRight	e41a
RoundaboutLeft	eb99
RoundaboutRight	eba3
RoundedCorner	e920
Route	eacd
Router	e328
RouterOff	f2f4
Routine	e20c
Rowing	e921
RssFeed	e0e5
Rsvp	f055
Rtt	e9ad
Rubric	eb27
Rule	f1c2
RuleFolder	f1c9
RuleSettings	f64c
RunCircle	ef6f
RunningWithErrors	e51d
RvHookup	e642
SafetyCheck	ebef
SafetyCheckOff	f59d
SafetyDivider	e1cc
Sailing	e502
Salinity	f876
Sanitizer	f21d
Satellite	e562
SatelliteAlt	eb3a
Sauna	f6f7
Save	e161
SaveAlt	f090
SaveAs	eb60
SaveClock	f398
SavedSearch	ea11
Savings	e2eb
Scale	eb5f
Scan	f74e
ScanDelete	f74f
Scanner	e329
ScatterPlot	e268
Scene	e2a7
Schedule	efd6
ScheduleSend	ea0a
Schema	e4fd
School	e80c
Science	ea4b
ScienceOff	f542
Scooter	f471
Score	e269
Scoreboard	ebd0
ScreenLockLandscape	f2d8
ScreenLockPortrait	f2be
ScreenLockRotation	f2d6
ScreenRecord	f679
ScreenRotation	f2d5
ScreenRotationAlt	ebee
ScreenRotationUp	f678
ScreenSearchDesktop	ef70
ScreenShare	e0e2
Screenshot	f056
ScreenshotFrame	f677
ScreenshotFrame2	f374
ScreenshotKeyboard	f7d3
ScreenshotMonitor	ec08
ScreenshotRegion	f7d2
ScreenshotTablet	f697
Script	f45f
ScrollableHeader	e9dc
ScubaDiving	ebce
Sd	e9dd
SdCard	e623
SdCardAlert	f057
SdStorage	e623
Sdk	e720
Search	ef7a
SearchActivity	f3e5
SearchCheck	f800
SearchCheck2	f469
SearchGear	eefa
SearchHandsFree	e696
SearchInsights	f4bc
SearchOff	ea76
SeatCoolLeft	f331
SeatCoolRight	f330
SeatHeatLeft	f32f
SeatHeatRight	f32e
SeatRead	ffeda
SeatVentLeft	f32d
SeatVentRight	f32c
SeatWindow	ffee1
Security	e32a
SecurityKey	f503
SecurityUpdate	f2cd
SecurityUpdateGood	f073
SecurityUpdateWarning	f2d3
Segment	e94b
Select	f74d
SelectAll	e162
SelectCheckBox	f1fe
SelectToSpeak	f7cf
SelectWindow	e6fa
SelectWindow2	f4c8
SelectWindowOff	e506
SelfCare	f86d
SelfImprovement	ea78
Sell	f05b
SellCloud	fff7b
Send	e163
SendAndArchive	ea0c
SendMoney	e8b7
SendTimeExtension	eadb
SendToMobile	f2d2
SensorDoor	f1b5
SensorOccupied	ec10
SensorWindow	f1b4
Sensors	e51e
SensorsKrx	f556
SensorsKrxOff	f515
SensorsOff	e51f
SentimentCalm	f6a7
SentimentContent	f6a6
SentimentDissatisfied	e811
SentimentExcited	f6a5
SentimentExtremelyDissatisfied	f194
SentimentFrustrated	f6a4
SentimentNeutral	e812
SentimentSad	f6a3
SentimentSatisfied	e813
SentimentSatisfiedAlt	e813
SentimentStressed	f6a2
SentimentVeryDissatisfied	e814
SentimentVerySatisfied	e815
SentimentWorried	f6a1
Serif	f4ac
ServerPerson	f3bd
ServiceToolbox	e717
SetMeal	f1ea
Settings	e8b8
SettingsAccessibility	f05d
SettingsAccountBox	f835
SettingsAlert	f143
SettingsApplications	e8b9
SettingsBRoll	f625
SettingsBackupRestore	e8ba
SettingsBluetooth	e8bb
SettingsBrightness	e8bd
SettingsCell	f2d1
SettingsCinematicBlur	f624
SettingsEthernet	e8be
SettingsHeart	f522
SettingsInputAntenna	e8bf
SettingsInputComponent	e8c1
SettingsInputComposite	e8c1
SettingsInputHdmi	e8c2
SettingsInputSvideo	e8c3
SettingsMotionMode	f833
SettingsNightSight	f832
SettingsOverscan	e8c4
SettingsPanorama	f831
SettingsPhone	e8c5
SettingsPhotoCamera	f834
SettingsPower	e8c6
SettingsRemote	e8c7
SettingsScreen	ffedf
SettingsSeating	ef2d
SettingsSlowMotion	f623
SettingsSuggest	f05e
SettingsSystemDaydream	e1c3
SettingsTimelapse	f622
SettingsVideoCamera	f621
SettingsVoice	e8c8
SettopComponent	e2ac
SevereCold	ebd3
Shades	fff73
ShadesClosed	fff74
Shadow	e9df
ShadowAdd	f584
ShadowMinus	f583
ShapeLine	f8d3
ShapeRecognition	eb01
Shapes	e602
Share	e80d
ShareEta	e5f7
ShareLocation	f05f
ShareOff	f6cb
ShareReviews	f8a4
ShareWindows	f613
ShavedIce	f225
SheetsRtl	f823
ShelfAutoHide	f703
ShelfPosition	f702
Shelves	f86e
Shield	e9e0
ShieldCard	fff30
ShieldLock	f686
ShieldLocked	f592
ShieldMoon	eaa9
ShieldPerson	f650
ShieldQuestion	f529
ShieldRadar	fff2f
ShieldToggle	f2ad
ShieldWatch	f30f
ShieldWithHeart	e78f
ShieldWithHouse	e78d
Shift	e5f2
ShiftLock	f7ae
ShiftLockOff	f483
ShoeCleats	fffb3
Shop	e8c9
Shop2	e8ca
ShopTwo	e8ca
ShoppingBag	f1cc
ShoppingBagSpeed	f39a
ShoppingBasket	e8cb
ShoppingCart	e8cc
ShoppingCartCheckout	eb88
ShoppingCartOff	f4f7
Shoppingmode	efb7
ShortStay	e4d0
ShortText	e261
Shortcut	f57a
ShowChart	e6e1
Shower	f061
Shuffle	e043
ShuffleOn	e9e1
ShutterSpeed	e43d
ShutterSpeedAdd	f57e
ShutterSpeedMinus	f57d
Sick	f220
SideNavigation	e9e2
SignLanguage	ebe5
SignLanguage2	f258
SignLanguageOff	ffee4
SignalCellular0Bar	f0a8
SignalCellular1Bar	f0a9
SignalCellular2Bar	f0aa
SignalCellular3Bar	f0ab
SignalCellular4Bar	e1c8
SignalCellularAdd	f7a9
SignalCellularAlt	e202
SignalCellularAlt1Bar	ebdf
SignalCellularAlt2Bar	ebe3
SignalCellularAltOff	fff8a
SignalCellularConnectedNoInternet0Bar	f0ac
SignalCellularConnectedNoInternet4Bar	e1cd
SignalCellularNoSim	e1ce
SignalCellularNodata	f062
SignalCellularNull	e1cf
SignalCellularOff	e1d0
SignalCellularPause	f5a7
SignalDisconnected	f239
SignalWifi0Bar	f0b0
SignalWifi4Bar	f065
SignalWifi4BarLock	e1e1
SignalWifiBad	f064
SignalWifiConnectedNoInternet4	f064
SignalWifiOff	e1da
SignalWifiStatusbar4Bar	f065
SignalWifiStatusbarNotConnected	f0ef
SignalWifiStatusbarNull	f067
Signature	f74c
Signpost	eb91
SimCard	e32b
SimCardAlert	f057
SimCardDownload	f068
SimCardLock	ffec1
Simulation	f3e1
SingleArrow	ffed9
SingleBed	ea48
Sip	f069
Siren	f3a7
SirenCheck	f3a6
SirenOpen	f3a5
SirenQuestion	f3a4
Skateboarding	e511
Skeleton	f899
Skillet	f543
SkilletCooktop	f544
SkipNext	e044
SkipPrevious	e045
Skull	f89a
SkullList	f370
SlabSerif	f4ab
Sledding	e512
Sleep	e213
SleepScore	f6b7
SlideLibrary	f822
Sliders	e9e3
Slideshow	e41b
SlowMotionVideo	e068
SmartButton	f1c1
SmartCardReader	f4a5
SmartCardReaderOff	f4a6
SmartDisplay	f06a
SmartOutlet	e844
SmartScreen	f2d0
SmartToy	f06c
Smartphone	e7ba
SmartphoneCamera	f44e
SmbShare	f74b
SmokeFree	eb4a
SmokingRooms	eb4b
Sms	e625
SmsFailed	e87f
Snail	ffede
SnippetFolder	f1c7
Snooze	e046
Snowboarding	e513
Snowflake	ed5b
Snowing	e80f
SnowingHeavy	f61c
Snowmobile	e503
Snowshoeing	e514
Soap	f1b2
Soba	ef36
SocialDistance	e1cb
SocialLeaderboard	f6a0
SolarPower	ec0f
SoloDining	ef35
Sort	e164
SortByAlpha	e053
Sos	ebf7
SoundDetectionDogBarking	f149
SoundDetectionGlassBreak	f14a
SoundDetectionLoudSound	f14b
SoundSampler	f6b4
Soundbar	fff72
SoupKitchen	e7d3
Source	f1c8
SourceEnvironment	e527
SourceNotes	e12d
South	f1e3
SouthAmerica	e7e4
SouthEast	f1e4
SouthWest	f1e5
Spa	eb4c
SpaceBar	e256
SpaceDashboard	e66b
SpaceDashboard2	fff8c
SpatialAudio	ebeb
SpatialAudioOff	ebe8
SpatialGallery	ffeb6
SpatialSpeaker	f4cf
SpatialTracking	ebea
Speaker	e32d
Speaker2	fff71
Speaker3	ffeb7
SpeakerGroup	e32e
SpeakerNotes	e8cd
SpeakerNotesOff	e92a
SpeakerPhone	e0d2
SpecialCharacter	f74a
SpecificGravity	f872
SpeechToText	f8a7
SpeechToText2	ffec9
Speed	e9e4
Speed025	f4d4
Speed02x	f498
Speed05	f4e2
Speed05x	f497
Speed075	f4d3
Speed07x	f496
Speed12	f4e1
Speed125	f4d2
Speed12x	f495
Speed15	f4e0
Speed15x	f494
Speed175	f4d1
Speed17x	f493
Speed2	fff38
Speed2x	f4eb
Speed3	fff37
Speed4	fff36
SpeedCamera	f470
Spellcheck	e8ce
SplitScene	f3bf
SplitScene2	ffef7
SplitSceneDown	f2ff
SplitSceneLeft	f2fe
SplitSceneRight	f2fd
SplitSceneUp	f2fc
Splitscreen	f06d
SplitscreenAdd	f4fd
SplitscreenBottom	f676
SplitscreenLandscape	f459
SplitscreenLandscapeAdd	fffba
SplitscreenLeft	f675
SplitscreenPortrait	f458
SplitscreenRight	f674
SplitscreenTop	f673
SplitscreenVerticalAdd	f4fc
Spo2	f6db
Spoke	e9a7
Sports	ea30
SportsAndOutdoors	efb8
SportsBar	f1f3
SportsBaseball	ea51
SportsBasketball	ea26
SportsCricket	ea27
SportsEsports	ea28
SportsFootball	ea29
SportsGolf	ea2a
SportsGymnastics	ebc4
SportsHandball	ea33
SportsHockey	ea2b
SportsKabaddi	ea34
SportsMartialArts	eae9
SportsMma	ea2c
SportsMotorsports	ea2d
SportsRugby	ea2e
SportsScore	f06e
SportsSoccer	ea2f
SportsTennis	ea32
SportsVolleyball	ea31
Sprinkler	e29a
Sprint	f81f
Sql	fff95
Square	eb36
SquareCircle	eec7
SquareDot	f3b3
SquareFoot	ea49
SsidChart	eb66
Stack	f609
StackGroup	f359
StackHexagon	f41c
StackOff	f608
StackStar	f607
StackedBarChart	e9e6
StackedEmail	e6c7
StackedInbox	e6c9
StackedLineChart	f22b
Stacks	f500
StadiaController	f135
Stadium	eb90
Stairs	f1a9
Stairs2	f46c
Star	f09a
StarBorder	f09a
StarBorderPurple500	f09a
StarHalf	e839
StarOutline	f09a
StarPurple500	f09a
StarRate	f0ec
StarRateHalf	ec45
StarShine	f31d
Stars	e8d0
Stars2	f31c
Start	e089
Stat0	e697
Stat1	e698
Stat2	e699
Stat3	e69a
StatMinus1	e69b
StatMinus2	e69c
StatMinus3	e69d
StayCurrentLandscape	ed3e
StayCurrentPortrait	e7ba
StayPrimaryLandscape	ed3e
StayPrimaryPortrait	f2d3
SteeringWheelCool	ffebd
SteeringWheelHeat	f32b
Step	f6fe
StepInto	f701
StepOut	f700
StepOver	f6ff
Steppers	e9e7
Steps	f6da
Stethoscope	f805
StethoscopeArrow	f807
StethoscopeCheck	f806
Sticker	e707
StickerAdd	eec2
StickyNote	e9e8
StickyNote2	f1fc
StockMedia	f570
Stockpot	f545
Stop	e047
StopCircle	ef71
StopScreenShare	e0e3
Storage	e1db
Store	e8d1
StoreMallDirectory	e8d1
Storefront	ea12
Storm	f070
Straight	eb95
Straighten	e41c
Strategy	f5df
Stream	e9e9
StreamApps	f79f
Streetview	e56e
StressManagement	f6d9
StrikethroughS	e257
StrokeFull	f749
StrokePartial	f748
Stroller	f1ae
Style	e41d
Styler	e273
Stylus	f604
StylusBrush	f366
StylusFountainPen	f365
StylusHighlighter	f364
StylusLaserPointer	f747
StylusNote	f603
StylusPen	f363
StylusPencil	f362
SubdirectoryArrowLeft	e5d9
SubdirectoryArrowRight	e5da
Subheader	e9ea
Subject	e8d2
Subscript	f111
Subscriptions	e064
Subtitles	e048
SubtitlesGear	f355
SubtitlesOff	ef72
Subway	e56f
SubwayWalk	f287
Subwoofer	fff70
Summarize	f071
Sunny	e81a
SunnySnowing	e819
Superscript	f112
SupervisedUserCircle	e939
SupervisedUserCircleOff	f60e
SupervisorAccount	e8d3
Support	ef73
SupportAgent	f0e2
Surfing	e515
Surgical	e131
SurroundSound	e049
SwapCalls	e0d7
SwapDrivingApps	e69e
SwapDrivingAppsWheel	e69f
SwapHoriz	e8d4
SwapHorizontalCircle	e933
SwapVert	e8d5
SwapVerticalCircle	e8d6
Sweep	e6ac
Swipe	e9ec
SwipeDown	eb53
SwipeDownAlt	eb30
SwipeLeft	eb59
SwipeLeft2	fff94
SwipeLeftAlt	eb33
SwipeRight	eb52
SwipeRight2	fff93
SwipeRightAlt	eb56
SwipeUp	eb2e
SwipeUpAlt	eb35
SwipeVertical	eb51
Switch	e1f4
SwitchAccess	f6fd
SwitchAccess2	f506
SwitchAccess3	f34d
SwitchAccessShortcut	e7e1
SwitchAccessShortcutAdd	e7e2
SwitchAccount	e9ed
SwitchCamera	e41e
SwitchLeft	f1d1
SwitchOff	fff6f
SwitchRight	f1d2
SwitchVideo	e41f
Switches	e733
SwordRose	f5de
Swords	f889
Symptoms	e132
Synagogue	eab0
Sync	e627
SyncAlt	ea18
SyncArrowDown	f37c
SyncArrowUp	f37b
SyncDesktop	f41a
SyncDisabled	e628
SyncLock	eaee
SyncProblem	e629
SyncSavedLocally	f820
SyncSavedLocallyOff	f264
Syringe	e133
SystemSecurityUpdate	f2cd
SystemSecurityUpdateGood	f073
SystemSecurityUpdateWarning	f2d3
SystemUpdate	f2cd
SystemUpdateAlt	e8d7
Tab	e8d8
TabClose	f745
TabCloseInactive	f3d0
TabCloseRight	f746
TabDuplicate	f744
TabGroup	f743
TabInactive	f43b
TabMove	f742
TabNewRight	f741
TabRecent	f740
TabSearch	f2f2
TabUnselected	e8d9
Table	f191
TableBar	ead2
TableChart	e265
TableChartView	f6ef
TableConvert	f3c7
TableEdit	f3c6
TableEye	f466
TableLamp	e1f2
TableLarge	f299
TableRestaurant	eac6
TableRows	f101
TableRowsNarrow	f73f
TableSign	ef2c
TableView	f1be
Tablet	e32f
TabletAndroid	e330
TabletCamera	f44d
TabletMac	e331
Tabs	e9ee
Tactic	f564
Tag	e9ef
TagFaces	ea22
TakeoutDining	ea74
TakeoutDining2	ef34
TamperDetectionOff	e82e
TamperDetectionOn	f8c8
TapAndPlay	f2cc
Tapas	f1e9
Target	e719
TargetCheck	ffeb3
Task	f075
TaskAlt	e2e6
TatamiSeat	ef33
Taunt	f69f
TaxiAlert	ef74
TeamDashboard	e013
TempPreferencesCustom	f8c9
TempPreferencesEco	f8ca
TempleBuddhist	eab3
TempleHindu	eaaf
Tenancy	f0e3
Terminal	eb8e
Terminal2	fff8e
TerminalAdd	ffed3
Terrain	e564
TextAd	e728
TextAdOff	fff92
TextCompare	f3c5
TextDecrease	eadd
TextFields	e262
TextFieldsAlt	e9f1
TextFormat	e165
TextIncrease	eae2
TextRotateUp	e93a
TextRotateVertical	e93b
TextRotationAngledown	e93c
TextRotationAngleup	e93d
TextRotationDown	e93e
TextRotationNone	e93f
TextSelectEnd	f73e
TextSelectJumpToBeginning	f73d
TextSelectJumpToEnd	f73c
TextSelectMoveBackCharacter	f73b
TextSelectMoveBackWord	f73a
TextSelectMoveDown	f739
TextSelectMoveForwardCharacter	f738
TextSelectMoveForwardWord	f737
TextSelectMoveUp	f736
TextSelectStart	f735
TextSnippet	f1c6
TextToSpeech	f1bc
TextUp	f49e
Textsms	e625
Texture	e421
TextureAdd	f57c
TextureMinus	f57b
TheaterComedy	ea66
Theaters	e8da
Thermometer	e846
ThermometerAdd	f582
ThermometerAlert	ffffb
ThermometerGain	f6d8
ThermometerLoss	f6d7
ThermometerMinus	f581
Thermostat	f076
ThermostatArrowDown	f37a
ThermostatArrowUp	f379
ThermostatAuto	f077
ThermostatCarbon	f178
ThingsToDo	eb2a
ThreadUnread	f4f9
ThreatIntelligence	eaed
ThumbDown	f578
ThumbDownAlt	f578
ThumbDownFilled	f578
ThumbDownOff	f578
ThumbDownOffAlt	f578
ThumbUp	f577
ThumbUpAlt	f577
ThumbUpFilled	f577
ThumbUpOff	f577
ThumbUpOffAlt	f577
ThumbnailBar	f734
ThumbsUpDouble	eefc
ThumbsUpDown	e8dd
Thunderstorm	ebdb
Tibia	f89b
TibiaAlt	f89c
TileLarge	f3c3
TileMedium	f3c2
TileSmall	f3c1
TiltArrowDown	fff26
TiltArrowUp	fff25
TimeAuto	f0e4
TimeToLeave	eff7
Timelapse	e422
Timeline	e922
Timer	e425
Timer1	f2af
Timer10	e423
Timer10Alt1	efbf
Timer10Select	f07a
Timer2	f2ae
Timer3	e424
Timer3Alt1	efc0
Timer3Select	f07b
Timer5	f4b1
Timer5Shutter	f4b2
TimerArrowDown	f378
TimerArrowUp	f377
TimerOff	e426
TimerPause	f4bb
TimerPlay	f4ba
TipsAndUpdates	e79a
TireRepair	ebc8
Title	e264
Titlecase	f489
Toast	efc1
Toc	e8de
Today	e8df
ToggleOff	e9f5
ToggleOn	e9f6
Token	ea25
Toll	e8e0
Tonality	e427
Tonality2	f2b4
Toolbar	e9f7
ToolsFlatHead	f8cb
ToolsInstallationKit	e2ab
ToolsLadder	e2cb
ToolsLevel	e77b
ToolsPhillips	f8cc
ToolsPliersWireStripper	e2aa
ToolsPowerDrill	e1e9
ToolsWrench	f8cd
Tooltip	e9f8
Tooltip2	f3ed
TopPanelClose	f733
TopPanelOpen	f732
Topic	f1c8
Tornado	e199
TotalDissolvedSolids	f877
TouchApp	e913
TouchDouble	f38b
TouchDouble2	fff35
TouchLong	f38a
TouchTriple	f389
TouchpadMouse	f687
TouchpadMouseOff	f4e6
Tour	ef75
Toys	e332
ToysAndGames	efc2
ToysFan	f887
TrackChanges	e8e1
TrackpadInput	f4c7
TrackpadInput2	f409
TrackpadInput3	f408
Traffic	e565
TrafficJam	f46f
TrailLength	eb5e
TrailLengthMedium	eb63
TrailLengthShort	eb6d
Train	e570
Tram	e571
Transcribe	f8ec
TransferWithinAStation	e572
Transform	e428
Transgender	e58d
TransitEnterexit	e579
TransitTicket	f3f1
TransitionChop	f50e
TransitionDissolve	f50d
TransitionFade	f50c
TransitionPush	f50b
TransitionSlide	f50a
Translate	e8e2
TranslateIndic	f263
Transportation	e21d
Travel	ef93
TravelExplore	e2db
TravelLuggageAndBags	efc3
TrendingDown	e8e3
TrendingFlat	e8e4
TrendingUp	e8e5
TriangleCircle	eec6
Trip	e6fb
TripOrigin	e57b
Trolley	f86b
TrolleyCableCar	f46e
Trophy	ea23
Troubleshoot	e1d2
Try	f07c
Tsunami	ebd8
Tsv	e6d6
Tty	f1aa
Tune	e429
Tungsten	f07d
TurnLeft	eba6
TurnRight	ebab
TurnSharpLeft	eba7
TurnSharpRight	ebaa
TurnSlightLeft	eba4
TurnSlightRight	eb9a
TurnedIn	e8e7
TurnedInNot	e8e7
Tv	e63b
TvDisplays	f3ec
TvGen	e830
TvGuide	e1dc
TvNext	f3eb
TvOff	e647
TvOptionsEditChannels	e1dd
TvOptionsInputSettings	e1de
TvRemote	f5d9
TvSignin	e71b
TvWithAssistant	e785
TwoPager	f51f
TwoPagerStore	f3c4
TwoWheeler	e9f9
TypeSpecimen	f8f0
UTurnLeft	eba1
UTurnRight	eba2
Udon	ef32
UlnaRadius	f89d
UlnaRadiusAlt	f89e
Umbrella	f1ad
Unarchive	e169
Undereye	eeb1
Undo	e166
UnfoldLess	e5d6
UnfoldLessDouble	f8cf
UnfoldMore	e5d7
UnfoldMoreDouble	f8d0
Ungroup	f731
UniversalCurrency	e9fa
UniversalCurrencyAlt	e734
UniversalLocal	e9fb
Unknown2	f49f
Unknown5	e6a5
Unknown7	f49e
UnknownDocument	f804
UnknownMed	eabd
Unlicense	eb05
UnpavedRoad	f46d
Unpin	e6f9
Unpublished	f236
Unsubscribe	e0eb
Upcoming	f07e
Update	e923
UpdateDisabled	e075
Upgrade	f0fb
UpiPay	f3cf
Upload	f09b
Upload2	f521
UploadFile	e9fc
Uppercase	f488
Urology	e137
Usb	e1e0
UsbOff	e4fa
UserAttributes	e708
Vaccines	e138
Vacuum	efc5
Vacuum2	fff6d
Vacuum2On	fff6e
Valve	e224
VapeFree	ebc6
VapingRooms	ebcf
VariableAdd	f51e
VariableInsert	f51d
VariableRemove	f51c
Variables	f851
Ventilator	e139
Verified	ef76
VerifiedOff	f30e
VerifiedUser	f013
VerticalAlignBottom	e258
VerticalAlignCenter	e259
VerticalAlignTop	e25a
VerticalDistribute	e076
VerticalShades	ec0e
VerticalShadesClosed	ec0d
VerticalSplit	e949
Vibration	f2cb
VideoCall	e070
VideoCameraBack	f07f
VideoCameraBackAdd	f40c
VideoCameraFront	f080
VideoCameraFrontOff	f83b
VideoChat	f8a0
VideoFile	eb87
VideoFrameCopy	fff0d
VideoFrameSave	fff0c
VideoLabel	e071
VideoLibrary	e04a
VideoSearch	efc6
VideoSettings	ea75
VideoStable	f081
VideoTemplate	fffd3
Videocam	e04b
VideocamAlert	f390
VideocamOff	e04c
VideogameAsset	e338
VideogameAssetOff	e500
ViewAgenda	e8e9
ViewApps	f376
ViewArray	e8ea
ViewCarousel	e8eb
ViewColumn	e8ec
ViewColumn2	f847
ViewComfy	e42a
ViewComfyAlt	eb73
ViewCompact	e42b
ViewCompactAlt	eb74
ViewCozy	eb75
ViewDay	e8ed
ViewHeadline	e8ee
ViewInAr	efc9
ViewInArNew	efc9
ViewInArOff	f61b
ViewKanban	eb7f
ViewList	e8ef
ViewModule	e8f0
ViewObjectTrack	f432
ViewQuilt	e8f1
ViewRealSize	f4c2
ViewSidebar	f114
ViewStream	e8f2
ViewTimeline	eb85
ViewWeek	e8f3
Vignette	e435
Vignette2	f2b3
Villa	e586
Visibility	e8f4
VisibilityLock	f653
VisibilityOff	e8f5
VitalSigns	e650
Vitals	e13b
Vo2Max	f4aa
VoiceChat	e62e
VoiceChatOff	eebe
VoiceOverOff	e94a
VoiceSelection	f58a
VoiceSelectionOff	f42c
Voicemail	e0d9
Voicemail2	f352
Volcano	ebda
VolumeDown	e04d
VolumeDownAlt	e79c
VolumeMute	e04e
VolumeOff	e04f
VolumeUp	e050
VolunteerActivism	ea70
VotingChip	f852
VpnKey	e0da
VpnKeyAlert	f6cc
VpnKeyOff	eb7a
VpnLock	e62f
VpnLock2	f350
Vr180Create2d	efca
Vr180Create2dOff	f571
Vrpano	f082
WalkBike	fff01
WallArt	efcb
WallLamp	e2b4
Wallet	f8ff
Wallpaper	e1bc
WallpaperSlideshow	f672
WandShine	f31f
WandStars	f31e
Ward	e13c
Warehouse	ebb8
Warning	f083
WarningAmber	f083
WarningOff	f7ad
Wash	f1b1
Washoku	f280
Watch	e334
WatchAlert	fffd1
WatchArrow	f2ca
WatchArrowDown	fffcf
WatchButton	fff20
WatchButtonPress	f6aa
WatchCheck	f468
WatchLater	efd6
WatchLock	eee9
WatchOff	eae3
WatchScreentime	f6ae
WatchVibration	f467
WatchWake	f6a9
Water	f084
WaterBottle	f69d
WaterBottleLarge	f69e
WaterDamage	f203
WaterDo	f870
WaterDrop	e798
WaterDrops	fffa5
WaterEc	f875
WaterFull	f6d6
WaterHeater	e284
WaterLock	f6ad
WaterLoss	f6d5
WaterLux	f874
WaterMedium	f6d4
WaterOrp	f878
WaterPh	f87a
WaterPump	f5d8
WaterVoc	f87b
WaterfallChart	ea00
Waves	e176
WavingHand	e766
WbAuto	e42c
WbCloudy	f15c
WbIncandescent	e42e
WbIridescent	f07d
WbShade	ea01
WbSunny	e430
WbTwilight	e1c6
WbTwilight2	fff1f
Wc	e63d
WeatherHail	f67f
WeatherMix	f60b
WeatherSnowy	e2cd
Web	e66a
WebAsset	e069
WebAssetOff	ef47
WebStories	e595
WebTraffic	ea03
Webhook	eb92
Weekend	e16b
Weight	e13d
West	f1e6
Whatshot	e80e
Wheat	fffa4
WheelchairPickup	f1ab
WhereToVote	e177
WidgetMedium	f3ba
WidgetMenu	eeb7
WidgetSmall	f3b9
WidgetWidth	f3b8
Widgets	e1bd
Width	f730
WidthFull	f8f5
WidthNormal	f8f6
WidthWide	f8f7
Wifi	e63e
Wifi1Bar	e4ca
Wifi2Bar	e4d9
WifiAdd	f7a8
WifiCalling	ef77
WifiCalling1	f0e7
WifiCalling2	f0f6
WifiCalling3	f0e7
WifiCallingBar1	f44c
WifiCallingBar2	f44b
WifiCallingBar3	f44a
WifiChannel	eb6a
WifiDevice	fff34
WifiFind	eb31
WifiHome	f671
WifiLock	e1e1
WifiNotification	f670
WifiOff	e648
WifiPassword	eb6b
WifiProtectedSetup	f0fc
WifiProxy	f7a7
WifiTethering	e1e2
WifiTetheringError	ead9
WifiTetheringOff	f087
WindPower	ec0c
Window	f088
WindowClosed	e77e
WindowOpen	e78c
WindowSensor	e2bb
WindshieldDefrostAuto	f248
WindshieldDefrostFront	f32a
WindshieldDefrostRear	f329
WindshieldHeatFront	f328
WineBar	f1e8
Woman	e13e
Woman2	f8e7
Work	e943
WorkAlert	f5f7
WorkHistory	ec09
WorkOff	e942
WorkOutline	e943
WorkUpdate	f5f8
Workflow	ea04
WorkspacePremium	e7af
Workspaces	ea0f
WorkspacesOutline	ea0f
WoundsInjuries	e13f
WrapText	e25b
Wrist	f69c
WrongLocation	ef78
Wysiwyg	f1c3
XCircle	e349
YCircle	eec5
Yakitori	ef31
Yard	f089
Yoshoku	f27f
YourTrips	eb2b
YoutubeActivity	f85a
YoutubeSearchedFor	e8fa
ZonePersonAlert	e781
ZonePersonIdle	e77a
ZonePersonUrgent	e788
ZoomIn	e8ff
ZoomInMap	eb2d
ZoomOut	e900
ZoomOutMap	e56b
